-- phpMyAdmin SQL Dump
-- version 4.1.6
-- http://www.phpmyadmin.net
--
-- Host: 127.0.0.1
-- Generation Time: Feb 22, 2015 at 02:34 PM
-- Server version: 5.6.16
-- PHP Version: 5.5.9

SET SQL_MODE = "NO_AUTO_VALUE_ON_ZERO";
SET time_zone = "+00:00";


/*!40101 SET @OLD_CHARACTER_SET_CLIENT=@@CHARACTER_SET_CLIENT */;
/*!40101 SET @OLD_CHARACTER_SET_RESULTS=@@CHARACTER_SET_RESULTS */;
/*!40101 SET @OLD_COLLATION_CONNECTION=@@COLLATION_CONNECTION */;
/*!40101 SET NAMES utf8 */;

--
-- Database: `code`
--
CREATE DATABASE IF NOT EXISTS `code` DEFAULT CHARACTER SET latin1 COLLATE latin1_swedish_ci;
USE `code`;

-- --------------------------------------------------------

--
-- Table structure for table `city`
--

CREATE TABLE IF NOT EXISTS `city` (
  `c_id` int(3) NOT NULL,
  `cityname` varchar(40) NOT NULL,
  `p_id` int(3) NOT NULL,
  PRIMARY KEY (`c_id`),
  KEY `p_id` (`p_id`)
) ENGINE=InnoDB DEFAULT CHARSET=latin1;

--
-- RELATIONS FOR TABLE `city`:
--   `p_id`
--       `province` -> `p_id`
--

--
-- Dumping data for table `city`
--

INSERT INTO `city` (`c_id`, `cityname`, `p_id`) VALUES
(1, 'Avalon Peninsula', 9),
(2, 'South Coast-Burin Peninsula and Notre Da', 9),
(3, 'West Coast-Northern Peninsula-Labrador', 9),
(4, 'Cape Breton', 7),
(5, 'North Coast', 7),
(6, 'Annapolis Valley', 7),
(7, 'Southern', 7),
(8, 'Halifax', 7),
(9, 'Moncton-Richibucto', 8),
(10, 'Saint John-St. Stephen', 8),
(11, 'Fredericton-Oromocto', 8),
(12, 'Edmundston-Woodstock', 8),
(13, 'Gasp?sie-?les-de-la-Madeleine', 2),
(14, 'Bas-Saint-Laurent', 2),
(15, 'Capitale-Nationale', 2),
(16, 'Chaudi?re-Appalaches', 2),
(17, 'Estrie', 2),
(18, 'Centre-du-Québec', 2),
(19, 'Mont?r?gie', 2),
(20, 'Montr?al', 2),
(21, 'Laval', 2),
(22, 'Lanaudi?re', 2),
(23, 'Laurentides', 2),
(24, 'Outaouais', 2),
(25, 'Abitibi-T?miscamingue', 2),
(26, 'Mauricie', 2),
(27, 'Saguenay-Lac-Saint-Jean', 2),
(28, 'C?te-Nord and Nord-du-Qu?bec', 2),
(29, 'Ottawa', 1),
(30, 'Kingston-Pembroke', 1),
(31, 'Muskoka-Kawarthas', 1),
(32, 'Toronto', 1),
(33, 'Kitchener-Waterloo-Barrie', 1),
(34, 'Hamilton-Niagara Peninsula', 1),
(35, 'London', 1),
(36, 'Windsor-Sarnia', 1),
(37, 'Stratford-Bruce Peninsula', 1),
(38, 'Northeast', 1),
(39, 'Northwest', 1),
(40, 'Southeast', 5),
(41, 'South Central and North Central', 5),
(42, 'Southwest', 5),
(43, 'Winnipeg', 5),
(44, 'Interlake', 5),
(45, 'Parklands and Northern', 5),
(46, 'Regina-Moose Mountain', 6),
(47, 'Swift Current-Moose Jaw', 6),
(48, 'Saskatoon-Biggar', 6),
(49, 'Yorkton-Melville', 6),
(50, 'Prince Albert and Northern', 6),
(51, 'Lethbridge-Medicine Hat', 4),
(52, 'Camrose-Drumheller', 4),
(53, 'Calgary', 4),
(54, 'Banff-Jasper-Rocky Mountain House and At', 4),
(55, 'Red Deer', 4),
(56, 'Edmonton', 4),
(57, 'Wood Buffalo-Cold Lake', 4),
(58, 'Vancouver Island and Coast', 3),
(59, 'Lower Mainland-Southwest', 3),
(60, 'Thompson-Okanagan', 3),
(61, 'Kootenay', 3),
(62, 'Cariboo', 3),
(63, 'North Coast and Nechako', 3);

-- --------------------------------------------------------

--
-- Table structure for table `gdp1`
--

CREATE TABLE IF NOT EXISTS `gdp1` (
  `year` int(11) NOT NULL,
  `p_id` int(3) NOT NULL,
  `value` double NOT NULL,
  KEY `p_id` (`p_id`)
) ENGINE=InnoDB DEFAULT CHARSET=latin1;

--
-- Dumping data for table `gdp1`
--

INSERT INTO `gdp1` (`year`, `p_id`, `value`) VALUES
(2007, 6, 1004204),
(2008, 6, 1048243),
(2009, 6, 1061538),
(2010, 6, 1107296),
(2011, 6, 1161936),
(2007, 0, 63036),
(2008, 0, 64456),
(2009, 0, 66515),
(2010, 0, 68973),
(2011, 0, 72365),
(2007, 1, 23141),
(2008, 1, 28579),
(2009, 1, 23169),
(2010, 1, 23785),
(2011, 1, 29616),
(2007, 2, 122563),
(2008, 2, 156755),
(2009, 2, 90652),
(2010, 2, 114686),
(2011, 2, 139800),
(2007, 3, 35220),
(2008, 3, 37569),
(2009, 3, 36139),
(2010, 3, 38114),
(2011, 3, 39630),
(2007, 4, 95353),
(2008, 4, 105605),
(2009, 4, 103549),
(2010, 4, 113256),
(2011, 4, 119792),
(2007, 5, 186210),
(2008, 5, 174933),
(2009, 5, 158136),
(2010, 5, 166969),
(2011, 5, 176232),
(2007, 7, 79630),
(2008, 7, 80600),
(2009, 7, 76851),
(2010, 7, 81998),
(2011, 7, 86966),
(2007, 8, 62458),
(2008, 8, 63577),
(2009, 8, 61109),
(2010, 8, 64645),
(2011, 8, 68638),
(2007, 14, 48833),
(2008, 14, 49963),
(2009, 14, 50250),
(2010, 14, 51838),
(2011, 14, 53245),
(2007, 9, 98636),
(2008, 9, 100554),
(2009, 9, 94528),
(2010, 9, 101730),
(2011, 9, 107421),
(2007, 10, 77027),
(2008, 10, 82966),
(2009, 10, 82315),
(2010, 10, 86802),
(2011, 10, 93418),
(2007, 12, 75305),
(2008, 12, 79421),
(2009, 12, 83641),
(2010, 12, 85994),
(2011, 12, 89183),
(2007, 13, 96768),
(2008, 13, 102370),
(2009, 13, 108637),
(2010, 13, 112233),
(2011, 13, 117830),
(2007, 11, 11596),
(2008, 11, 12303),
(2009, 11, 12621),
(2010, 11, 12672),
(2011, 11, 12822),
(2007, 15, 30055),
(2008, 15, 31595),
(2009, 15, 31657),
(2010, 15, 32527),
(2011, 15, 33726),
(2007, 16, 29721),
(2008, 16, 31263),
(2009, 16, 32001),
(2010, 16, 32529),
(2011, 16, 34118),
(2007, 17, 96529),
(2008, 17, 104184),
(2009, 17, 111285),
(2010, 17, 114982),
(2011, 17, 121553);

-- --------------------------------------------------------

--
-- Table structure for table `population`
--

CREATE TABLE IF NOT EXISTS `population` (
  `p_id` int(3) NOT NULL,
  `agegroup` varchar(40) NOT NULL,
  `value` decimal(10,2) NOT NULL,
  KEY `p_id` (`p_id`)
) ENGINE=InnoDB DEFAULT CHARSET=latin1;

--
-- RELATIONS FOR TABLE `population`:
--   `p_id`
--       `province` -> `p_id`
--

--
-- Dumping data for table `population`
--

INSERT INTO `population` (`p_id`, `agegroup`, `value`) VALUES
(9, '0 to 14', '75.90'),
(9, '15 to 64', '357.60'),
(9, '65 and older', '93.50'),
(10, '0 to 14', '23.20'),
(10, '15 to 64', '96.80'),
(10, '65 and older', '26.20'),
(7, '0 to 14', '132.80'),
(7, '15 to 64', '637.10'),
(7, '65 and older', '172.80'),
(8, '0 to 14', '109.90'),
(8, '15 to 64', '505.80'),
(8, '65 and older', '138.20'),
(2, '0 to 14', '1267.50'),
(2, '15 to 64', '5541.30'),
(2, '65 and older', '1405.90'),
(1, '0 to 14', '2190.30'),
(1, '15 to 64', '9351.30'),
(1, '65 and older', '2137.10'),
(5, '0 to 14', '239.10'),
(5, '15 to 64', '855.40'),
(5, '65 and older', '187.50'),
(6, '0 to 14', '213.00'),
(6, '15 to 64', '749.60'),
(6, '65 and older', '162.90'),
(4, '0 to 14', '752.50'),
(4, '15 to 64', '2901.20'),
(4, '65 and older', '468.10'),
(3, '0 to 14', '677.70'),
(3, '15 to 64', '3168.60'),
(3, '65 and older', '785.10'),
(12, '0 to 14', '6.10'),
(12, '15 to 64', '26.60'),
(12, '65 and older', '3.80'),
(11, '0 to 14', '9.30'),
(11, '15 to 64', '31.40'),
(11, '65 and older', '2.90'),
(13, '0 to 14', '11.40'),
(13, '15 to 64', '23.80'),
(13, '65 and older', '1.30');

-- --------------------------------------------------------

--
-- Table structure for table `province`
--

CREATE TABLE IF NOT EXISTS `province` (
  `p_id` int(3) NOT NULL,
  `code` char(20) NOT NULL,
  `name` char(40) NOT NULL,
  PRIMARY KEY (`p_id`)
) ENGINE=InnoDB DEFAULT CHARSET=latin1;

--
-- Dumping data for table `province`
--

INSERT INTO `province` (`p_id`, `code`, `name`) VALUES
(1, 'CA-ON', 'Ontario'),
(2, 'CA-QC', 'Quebec'),
(3, 'CA-BC', 'British Columbia'),
(4, 'CA-AB', 'Alberta'),
(5, 'CA-MB', 'Manitoba'),
(6, 'CA-SK', 'Saskatchewan'),
(7, 'CA-NS', 'Nova Scotia'),
(8, 'CA-NB', 'New Brunswick'),
(9, 'CA-NL', 'Newfoundland and Labrador'),
(10, 'CA-PE', 'Prince Edward Island'),
(11, 'CA-NT', 'Northwest Territories'),
(12, 'CA-YT', 'Yukon'),
(13, 'CA-NU', 'Nunavut');

-- --------------------------------------------------------

--
-- Table structure for table `sector`
--

CREATE TABLE IF NOT EXISTS `sector` (
  `sector_id` int(3) NOT NULL,
  `name` varchar(40) NOT NULL,
  PRIMARY KEY (`sector_id`)
) ENGINE=InnoDB DEFAULT CHARSET=latin1;

--
-- Dumping data for table `sector`
--

INSERT INTO `sector` (`sector_id`, `name`) VALUES
(1, 'Agriculture'),
(2, 'Forestry, fishing, mining'),
(3, 'Utilities'),
(4, 'Construction'),
(5, 'Manufacturing'),
(6, 'Services-producing sector'),
(7, 'Trade'),
(8, 'Transportation and warehousing'),
(9, 'Finance, insurance, real estate and leas'),
(10, 'Professional, scientific and technical s'),
(11, 'Business, building and other support ser'),
(12, 'Educational services'),
(13, 'Health care and social assistance'),
(14, 'Information, culture and recreation'),
(15, 'Accommodation and food services'),
(16, 'Other services'),
(17, 'Public administration');

-- --------------------------------------------------------

--
-- Table structure for table `totalemployed`
--

CREATE TABLE IF NOT EXISTS `totalemployed` (
  `sector_id` int(3) NOT NULL,
  `p_id` int(3) NOT NULL,
  `totalemp` decimal(10,2) DEFAULT NULL,
  KEY `sector_id` (`sector_id`,`p_id`),
  KEY `p_id` (`p_id`)
) ENGINE=InnoDB DEFAULT CHARSET=latin1;

--
-- RELATIONS FOR TABLE `totalemployed`:
--   `p_id`
--       `province` -> `p_id`
--   `sector_id`
--       `sector` -> `sector_id`
--

--
-- Dumping data for table `totalemployed`
--

INSERT INTO `totalemployed` (`sector_id`, `p_id`, `totalemp`) VALUES
(1, 10, '3.20'),
(2, 10, '2.30'),
(3, 10, '0.30'),
(4, 10, '5.50'),
(5, 10, '6.20'),
(6, 10, '56.50'),
(7, 10, '10.90'),
(8, 10, '2.80'),
(9, 10, '2.30'),
(10, 10, '3.00'),
(11, 10, '2.90'),
(12, 10, '5.30'),
(13, 10, '10.00'),
(14, 10, '2.50'),
(15, 10, '5.60'),
(16, 10, '3.60'),
(17, 10, '7.40'),
(1, 9, '1.90'),
(2, 9, '16.40'),
(3, 9, '2.40'),
(4, 9, '22.60'),
(5, 9, '12.10'),
(6, 9, '182.50'),
(7, 9, '40.40'),
(8, 9, '11.00'),
(9, 9, '7.70'),
(10, 9, '10.90'),
(11, 9, '7.10'),
(12, 9, '16.70'),
(13, 9, '37.70'),
(14, 9, '7.00'),
(15, 9, '16.10'),
(16, 9, '11.20'),
(17, 9, '16.70'),
(1, 7, '5.00'),
(2, 7, '12.20'),
(3, 7, '3.60'),
(4, 7, '33.70'),
(5, 7, '28.20'),
(6, 7, '368.10'),
(7, 7, '73.70'),
(8, 7, '21.80'),
(9, 7, '22.30'),
(10, 7, '27.30'),
(11, 7, '20.00'),
(12, 7, '36.00'),
(13, 7, '70.90'),
(14, 7, '19.00'),
(15, 7, '32.90'),
(16, 7, '17.00'),
(17, 7, '27.10'),
(1, 8, '4.00'),
(2, 8, '10.40'),
(3, 8, '3.60'),
(4, 8, '25.60'),
(5, 8, '29.60'),
(6, 8, '281.50'),
(7, 8, '56.40'),
(8, 8, '17.20'),
(9, 8, '14.70'),
(10, 8, '17.70'),
(11, 8, '19.90'),
(12, 8, '27.90'),
(13, 8, '51.70'),
(14, 8, '11.70'),
(15, 8, '23.70'),
(16, 8, '15.90'),
(17, 8, '24.70'),
(1, 2, '58.00'),
(2, 2, '32.30'),
(3, 2, '29.10'),
(4, 2, '260.40'),
(5, 2, '479.40'),
(6, 2, '3.00'),
(7, 2, '649.70'),
(8, 2, '187.10'),
(9, 2, '219.00'),
(10, 2, '303.60'),
(11, 2, '161.90'),
(12, 2, '280.40'),
(13, 2, '562.20'),
(14, 2, '182.10'),
(15, 2, '283.70'),
(16, 2, '159.50'),
(17, 2, '228.60'),
(1, 1, '81.30'),
(2, 1, '33.00'),
(3, 1, '51.60'),
(4, 1, '476.00'),
(5, 1, '741.40'),
(6, 1, '5.00'),
(7, 1, '1.00'),
(8, 1, '312.30'),
(9, 1, '523.40'),
(10, 1, '570.40'),
(11, 1, '347.00'),
(12, 1, '513.30'),
(13, 1, '813.90'),
(14, 1, '316.90'),
(15, 1, '441.30'),
(16, 1, '271.60'),
(17, 1, '354.20'),
(1, 5, '23.40'),
(2, 5, '6.50'),
(3, 5, '7.70'),
(4, 5, '45.70'),
(5, 5, '65.60'),
(6, 5, '486.00'),
(7, 5, '95.00'),
(8, 5, '38.10'),
(9, 5, '34.20'),
(10, 5, '22.80'),
(11, 5, '16.60'),
(12, 5, '51.60'),
(13, 5, '101.90'),
(14, 5, '22.40'),
(15, 5, '40.10'),
(16, 5, '29.20'),
(17, 5, '34.20'),
(1, 6, '41.70'),
(2, 6, '27.70'),
(3, 6, '6.40'),
(4, 6, '56.30'),
(5, 6, '26.50'),
(6, 6, '407.90'),
(7, 6, '81.50'),
(8, 6, '28.00'),
(9, 6, '30.90'),
(10, 6, '24.90'),
(11, 6, '14.60'),
(12, 6, '44.80'),
(13, 6, '74.10'),
(14, 6, '16.50'),
(15, 6, '36.40'),
(16, 6, '24.90'),
(17, 6, '31.20'),
(1, 4, '63.80'),
(2, 4, '171.90'),
(3, 4, '19.30'),
(4, 4, '261.90'),
(5, 4, '149.60'),
(6, 4, '1.00'),
(7, 4, '311.60'),
(8, 4, '146.80'),
(9, 4, '101.40'),
(10, 4, '178.70'),
(11, 4, '81.80'),
(12, 4, '126.60'),
(13, 4, '255.40'),
(14, 4, '74.00'),
(15, 4, '156.90'),
(16, 4, '127.50'),
(17, 4, '86.80'),
(1, 3, '21.60'),
(2, 3, '54.60'),
(3, 3, '16.40'),
(4, 3, '202.00'),
(5, 3, '170.70'),
(6, 3, '1.00'),
(7, 3, '349.60'),
(8, 3, '134.80'),
(9, 3, '133.40'),
(10, 3, '188.90'),
(11, 3, '85.10'),
(12, 3, '162.10'),
(13, 3, '275.60'),
(14, 3, '110.30'),
(15, 3, '181.80'),
(16, 3, '110.30'),
(17, 3, '93.30');

-- --------------------------------------------------------

--
-- Table structure for table `totallabourer`
--

CREATE TABLE IF NOT EXISTS `totallabourer` (
  `id` int(11) NOT NULL,
  `date` varchar(10) NOT NULL,
  `city` varchar(50) NOT NULL,
  `industry` varchar(50) NOT NULL,
  `value` decimal(10,2) NOT NULL,
  PRIMARY KEY (`id`)
) ENGINE=InnoDB DEFAULT CHARSET=latin1;

--
-- Dumping data for table `totallabourer`
--

INSERT INTO `totallabourer` (`id`, `date`, `city`, `industry`, `value`) VALUES
(1, '2015', 'Canada', 'Total employed, all industries ', '17725.70'),
(2, '2015', 'Canada', 'Goods-producing sector ', '3831.70'),
(3, '2015', 'Canada', 'Agriculture ', '285.20'),
(4, '2015', 'Canada', 'Forestry, fishing, mining, quarrying, oil and gas ', '365.90'),
(5, '2015', 'Canada', 'Utilities ', '138.00'),
(6, '2015', 'Canada', 'Construction ', '1352.70'),
(7, '2015', 'Canada', 'Manufacturing ', '1689.80'),
(8, '2015', 'Canada', 'Services-producing sector ', '13894.00'),
(9, '2015', 'Canada', 'Trade ', '2724.40'),
(10, '2015', 'Canada', 'Transportation and warehousing ', '905.30'),
(11, '2015', 'Canada', 'Finance, insurance, real estate and leasing ', '1088.40'),
(12, '2015', 'Canada', 'Professional, scientific and technical services ', '1326.70'),
(13, '2015', 'Canada', 'Business, building and other support services ', '721.20'),
(14, '2015', 'Canada', 'Educational services ', '1308.60'),
(15, '2015', 'Canada', 'Health care and social assistance ', '2243.10'),
(16, '2015', 'Canada', 'Information, culture and recreation ', '727.20'),
(17, '2015', 'Canada', 'Accommodation and food services ', '1194.60'),
(18, '2015', 'Canada', 'Other services ', '763.80'),
(19, '2015', 'Canada', 'Public administration ', '890.80'),
(20, '2015', 'Newfoundland and Labrador', 'Total employed, all industries ', '232.00'),
(21, '2015', 'Newfoundland and Labrador', 'Goods-producing sector ', '51.30'),
(22, '2015', 'Newfoundland and Labrador', 'Agriculture ', '1.50'),
(23, '2015', 'Newfoundland and Labrador', 'Forestry, fishing, mining, quarrying, oil and gas ', '16.00'),
(24, '2015', 'Newfoundland and Labrador', 'Utilities ', '2.80'),
(25, '2015', 'Newfoundland and Labrador', 'Construction ', '21.90'),
(26, '2015', 'Newfoundland and Labrador', 'Manufacturing ', '9.10'),
(27, '2015', 'Newfoundland and Labrador', 'Services-producing sector ', '180.70'),
(28, '2015', 'Newfoundland and Labrador', 'Trade ', '39.90'),
(29, '2015', 'Newfoundland and Labrador', 'Transportation and warehousing ', '10.50'),
(30, '2015', 'Newfoundland and Labrador', 'Finance, insurance, real estate and leasing ', '7.90'),
(31, '2015', 'Newfoundland and Labrador', 'Professional, scientific and technical services ', '10.80'),
(32, '2015', 'Newfoundland and Labrador', 'Business, building and other support services ', '6.40'),
(33, '2015', 'Newfoundland and Labrador', 'Educational services ', '17.30'),
(34, '2015', 'Newfoundland and Labrador', 'Health care and social assistance ', '37.10'),
(35, '2015', 'Newfoundland and Labrador', 'Information, culture and recreation ', '7.30'),
(36, '2015', 'Newfoundland and Labrador', 'Accommodation and food services ', '15.80'),
(37, '2015', 'Newfoundland and Labrador', 'Other services ', '11.40'),
(38, '2015', 'Newfoundland and Labrador', 'Public administration ', '16.30'),
(39, '2015', 'Avalon Peninsula, Newfoundland and Labrador', 'Total employed, all industries ', '140.70'),
(40, '2015', 'Avalon Peninsula, Newfoundland and Labrador', 'Goods-producing sector ', '26.20'),
(41, '2015', 'Avalon Peninsula, Newfoundland and Labrador', 'Agriculture ', '0.00'),
(42, '2015', 'Avalon Peninsula, Newfoundland and Labrador', 'Forestry, fishing, mining, quarrying, oil and gas ', '5.70'),
(43, '2015', 'Avalon Peninsula, Newfoundland and Labrador', 'Utilities ', '2.00'),
(44, '2015', 'Avalon Peninsula, Newfoundland and Labrador', 'Construction ', '13.40'),
(45, '2015', 'Avalon Peninsula, Newfoundland and Labrador', 'Manufacturing ', '4.80'),
(46, '2015', 'Avalon Peninsula, Newfoundland and Labrador', 'Services-producing sector ', '114.50'),
(47, '2015', 'Avalon Peninsula, Newfoundland and Labrador', 'Trade ', '24.50'),
(48, '2015', 'Avalon Peninsula, Newfoundland and Labrador', 'Transportation and warehousing ', '5.70'),
(49, '2015', 'Avalon Peninsula, Newfoundland and Labrador', 'Finance, insurance, real estate and leasing ', '5.60'),
(50, '2015', 'Avalon Peninsula, Newfoundland and Labrador', 'Professional, scientific and technical services ', '8.70'),
(51, '2015', 'Avalon Peninsula, Newfoundland and Labrador', 'Business, building and other support services ', '4.60'),
(52, '2015', 'Avalon Peninsula, Newfoundland and Labrador', 'Educational services ', '10.00'),
(53, '2015', 'Avalon Peninsula, Newfoundland and Labrador', 'Health care and social assistance ', '22.80'),
(54, '2015', 'Avalon Peninsula, Newfoundland and Labrador', 'Information, culture and recreation ', '5.40'),
(55, '2015', 'Avalon Peninsula, Newfoundland and Labrador', 'Accommodation and food services ', '9.90'),
(56, '2015', 'Avalon Peninsula, Newfoundland and Labrador', 'Other services ', '5.90'),
(57, '2015', 'Avalon Peninsula, Newfoundland and Labrador', 'Public administration ', '11.40'),
(58, '2015', 'South Coast-Burin Peninsula and Notre Dame-Central', 'Total employed, all industries ', '49.90'),
(59, '2015', 'South Coast-Burin Peninsula and Notre Dame-Central', 'Goods-producing sector ', '14.10'),
(60, '2015', 'South Coast-Burin Peninsula and Notre Dame-Central', 'Agriculture ', '0.70'),
(61, '2015', 'South Coast-Burin Peninsula and Notre Dame-Central', 'Forestry, fishing, mining, quarrying, oil and gas ', '4.60'),
(62, '2015', 'South Coast-Burin Peninsula and Notre Dame-Central', 'Utilities ', '0.50'),
(63, '2015', 'South Coast-Burin Peninsula and Notre Dame-Central', 'Construction ', '5.50'),
(64, '2015', 'South Coast-Burin Peninsula and Notre Dame-Central', 'Manufacturing ', '2.70'),
(65, '2015', 'South Coast-Burin Peninsula and Notre Dame-Central', 'Services-producing sector ', '35.80'),
(66, '2015', 'South Coast-Burin Peninsula and Notre Dame-Central', 'Trade ', '9.10'),
(67, '2015', 'South Coast-Burin Peninsula and Notre Dame-Central', 'Transportation and warehousing ', '3.00'),
(68, '2015', 'South Coast-Burin Peninsula and Notre Dame-Central', 'Finance, insurance, real estate and leasing ', '1.40'),
(69, '2015', 'South Coast-Burin Peninsula and Notre Dame-Central', 'Professional, scientific and technical services ', '0.80'),
(70, '2015', 'South Coast-Burin Peninsula and Notre Dame-Central', 'Business, building and other support services ', '1.10'),
(71, '2015', 'South Coast-Burin Peninsula and Notre Dame-Central', 'Educational services ', '3.40'),
(72, '2015', 'South Coast-Burin Peninsula and Notre Dame-Central', 'Health care and social assistance ', '7.80'),
(73, '2015', 'South Coast-Burin Peninsula and Notre Dame-Central', 'Information, culture and recreation ', '0.70'),
(74, '2015', 'South Coast-Burin Peninsula and Notre Dame-Central', 'Accommodation and food services ', '3.00'),
(75, '2015', 'South Coast-Burin Peninsula and Notre Dame-Central', 'Other services ', '3.20'),
(76, '2015', 'South Coast-Burin Peninsula and Notre Dame-Central', 'Public administration ', '2.30'),
(77, '2015', 'West Coast-Northern Peninsula-Labrador, Newfoundla', 'Total employed, all industries ', '41.40'),
(78, '2015', 'West Coast-Northern Peninsula-Labrador, Newfoundla', 'Goods-producing sector ', '11.10'),
(79, '2015', 'West Coast-Northern Peninsula-Labrador, Newfoundla', 'Agriculture ', '0.50'),
(80, '2015', 'West Coast-Northern Peninsula-Labrador, Newfoundla', 'Forestry, fishing, mining, quarrying, oil and gas ', '5.70'),
(81, '2015', 'West Coast-Northern Peninsula-Labrador, Newfoundla', 'Utilities ', '0.00'),
(82, '2015', 'West Coast-Northern Peninsula-Labrador, Newfoundla', 'Construction ', '3.00'),
(83, '2015', 'West Coast-Northern Peninsula-Labrador, Newfoundla', 'Manufacturing ', '1.60'),
(84, '2015', 'West Coast-Northern Peninsula-Labrador, Newfoundla', 'Services-producing sector ', '30.30'),
(85, '2015', 'West Coast-Northern Peninsula-Labrador, Newfoundla', 'Trade ', '6.30'),
(86, '2015', 'West Coast-Northern Peninsula-Labrador, Newfoundla', 'Transportation and warehousing ', '1.70'),
(87, '2015', 'West Coast-Northern Peninsula-Labrador, Newfoundla', 'Finance, insurance, real estate and leasing ', '0.80'),
(88, '2015', 'West Coast-Northern Peninsula-Labrador, Newfoundla', 'Professional, scientific and technical services ', '1.30'),
(89, '2015', 'West Coast-Northern Peninsula-Labrador, Newfoundla', 'Business, building and other support services ', '0.70'),
(90, '2015', 'West Coast-Northern Peninsula-Labrador, Newfoundla', 'Educational services ', '3.90'),
(91, '2015', 'West Coast-Northern Peninsula-Labrador, Newfoundla', 'Health care and social assistance ', '6.50'),
(92, '2015', 'West Coast-Northern Peninsula-Labrador, Newfoundla', 'Information, culture and recreation ', '1.30'),
(93, '2015', 'West Coast-Northern Peninsula-Labrador, Newfoundla', 'Accommodation and food services ', '2.90'),
(94, '2015', 'West Coast-Northern Peninsula-Labrador, Newfoundla', 'Other services ', '2.30'),
(95, '2015', 'West Coast-Northern Peninsula-Labrador, Newfoundla', 'Public administration ', '2.70'),
(96, '2015', 'Prince Edward Island', 'Total employed, all industries ', '70.70'),
(97, '2015', 'Prince Edward Island', 'Goods-producing sector ', '16.50'),
(98, '2015', 'Prince Edward Island', 'Agriculture ', '3.00'),
(99, '2015', 'Prince Edward Island', 'Forestry, fishing, mining, quarrying, oil and gas ', '2.10'),
(100, '2015', 'Prince Edward Island', 'Utilities ', '0.30'),
(101, '2015', 'Prince Edward Island', 'Construction ', '5.40'),
(102, '2015', 'Prince Edward Island', 'Manufacturing ', '5.80'),
(103, '2015', 'Prince Edward Island', 'Services-producing sector ', '54.20'),
(104, '2015', 'Prince Edward Island', 'Trade ', '10.80'),
(105, '2015', 'Prince Edward Island', 'Transportation and warehousing ', '2.90'),
(106, '2015', 'Prince Edward Island', 'Finance, insurance, real estate and leasing ', '2.20'),
(107, '2015', 'Prince Edward Island', 'Professional, scientific and technical services ', '2.90'),
(108, '2015', 'Prince Edward Island', 'Business, building and other support services ', '2.40'),
(109, '2015', 'Prince Edward Island', 'Educational services ', '5.50'),
(110, '2015', 'Prince Edward Island', 'Health care and social assistance ', '9.90'),
(111, '2015', 'Prince Edward Island', 'Information, culture and recreation ', '2.10'),
(112, '2015', 'Prince Edward Island', 'Accommodation and food services ', '4.90'),
(113, '2015', 'Prince Edward Island', 'Other services ', '3.50'),
(114, '2015', 'Prince Edward Island', 'Public administration ', '7.00'),
(115, '2015', 'Nova Scotia', 'Total employed, all industries ', '443.90'),
(116, '2015', 'Nova Scotia', 'Goods-producing sector ', '80.20'),
(117, '2015', 'Nova Scotia', 'Agriculture ', '4.50'),
(118, '2015', 'Nova Scotia', 'Forestry, fishing, mining, quarrying, oil and gas ', '12.30'),
(119, '2015', 'Nova Scotia', 'Utilities ', '3.90'),
(120, '2015', 'Nova Scotia', 'Construction ', '31.60'),
(121, '2015', 'Nova Scotia', 'Manufacturing ', '27.90'),
(122, '2015', 'Nova Scotia', 'Services-producing sector ', '363.70'),
(123, '2015', 'Nova Scotia', 'Trade ', '74.40'),
(124, '2015', 'Nova Scotia', 'Transportation and warehousing ', '21.80'),
(125, '2015', 'Nova Scotia', 'Finance, insurance, real estate and leasing ', '22.40'),
(126, '2015', 'Nova Scotia', 'Professional, scientific and technical services ', '26.90'),
(127, '2015', 'Nova Scotia', 'Business, building and other support services ', '19.10'),
(128, '2015', 'Nova Scotia', 'Educational services ', '36.50'),
(129, '2015', 'Nova Scotia', 'Health care and social assistance ', '69.80'),
(130, '2015', 'Nova Scotia', 'Information, culture and recreation ', '18.60'),
(131, '2015', 'Nova Scotia', 'Accommodation and food services ', '30.70'),
(132, '2015', 'Nova Scotia', 'Other services ', '17.00'),
(133, '2015', 'Nova Scotia', 'Public administration ', '26.50'),
(134, '2015', 'Cape Breton, Nova Scotia', 'Total employed, all industries ', '49.80'),
(135, '2015', 'Cape Breton, Nova Scotia', 'Goods-producing sector ', '8.10'),
(136, '2015', 'Cape Breton, Nova Scotia', 'Agriculture ', '0.00'),
(137, '2015', 'Cape Breton, Nova Scotia', 'Forestry, fishing, mining, quarrying, oil and gas ', '2.10'),
(138, '2015', 'Cape Breton, Nova Scotia', 'Utilities ', '0.00'),
(139, '2015', 'Cape Breton, Nova Scotia', 'Construction ', '3.80'),
(140, '2015', 'Cape Breton, Nova Scotia', 'Manufacturing ', '1.60'),
(141, '2015', 'Cape Breton, Nova Scotia', 'Services-producing sector ', '41.80'),
(142, '2015', 'Cape Breton, Nova Scotia', 'Trade ', '9.60'),
(143, '2015', 'Cape Breton, Nova Scotia', 'Transportation and warehousing ', '3.50'),
(144, '2015', 'Cape Breton, Nova Scotia', 'Finance, insurance, real estate and leasing ', '1.00'),
(145, '2015', 'Cape Breton, Nova Scotia', 'Professional, scientific and technical services ', '1.10'),
(146, '2015', 'Cape Breton, Nova Scotia', 'Business, building and other support services ', '3.20'),
(147, '2015', 'Cape Breton, Nova Scotia', 'Educational services ', '4.20'),
(148, '2015', 'Cape Breton, Nova Scotia', 'Health care and social assistance ', '9.40'),
(149, '2015', 'Cape Breton, Nova Scotia', 'Information, culture and recreation ', '1.60'),
(150, '2015', 'Cape Breton, Nova Scotia', 'Accommodation and food services ', '3.50'),
(151, '2015', 'Cape Breton, Nova Scotia', 'Other services ', '1.90'),
(152, '2015', 'Cape Breton, Nova Scotia', 'Public administration ', '2.70'),
(153, '2015', 'North Coast, Nova Scotia', 'Total employed, all industries ', '62.90'),
(154, '2015', 'North Coast, Nova Scotia', 'Goods-producing sector ', '14.00'),
(155, '2015', 'North Coast, Nova Scotia', 'Agriculture ', '1.10'),
(156, '2015', 'North Coast, Nova Scotia', 'Forestry, fishing, mining, quarrying, oil and gas ', '2.10'),
(157, '2015', 'North Coast, Nova Scotia', 'Utilities ', '0.80'),
(158, '2015', 'North Coast, Nova Scotia', 'Construction ', '4.00'),
(159, '2015', 'North Coast, Nova Scotia', 'Manufacturing ', '5.90'),
(160, '2015', 'North Coast, Nova Scotia', 'Services-producing sector ', '48.90'),
(161, '2015', 'North Coast, Nova Scotia', 'Trade ', '11.80'),
(162, '2015', 'North Coast, Nova Scotia', 'Transportation and warehousing ', '3.70'),
(163, '2015', 'North Coast, Nova Scotia', 'Finance, insurance, real estate and leasing ', '2.50'),
(164, '2015', 'North Coast, Nova Scotia', 'Professional, scientific and technical services ', '1.30'),
(165, '2015', 'North Coast, Nova Scotia', 'Business, building and other support services ', '2.30'),
(166, '2015', 'North Coast, Nova Scotia', 'Educational services ', '6.30'),
(167, '2015', 'North Coast, Nova Scotia', 'Health care and social assistance ', '10.80'),
(168, '2015', 'North Coast, Nova Scotia', 'Information, culture and recreation ', '1.50'),
(169, '2015', 'North Coast, Nova Scotia', 'Accommodation and food services ', '4.50'),
(170, '2015', 'North Coast, Nova Scotia', 'Other services ', '2.10'),
(171, '2015', 'North Coast, Nova Scotia', 'Public administration ', '2.20'),
(172, '2015', 'Annapolis Valley, Nova Scotia', 'Total employed, all industries ', '53.00'),
(173, '2015', 'Annapolis Valley, Nova Scotia', 'Goods-producing sector ', '12.00'),
(174, '2015', 'Annapolis Valley, Nova Scotia', 'Agriculture ', '1.90'),
(175, '2015', 'Annapolis Valley, Nova Scotia', 'Forestry, fishing, mining, quarrying, oil and gas ', '0.70'),
(176, '2015', 'Annapolis Valley, Nova Scotia', 'Utilities ', '0.00'),
(177, '2015', 'Annapolis Valley, Nova Scotia', 'Construction ', '5.00'),
(178, '2015', 'Annapolis Valley, Nova Scotia', 'Manufacturing ', '4.00'),
(179, '2015', 'Annapolis Valley, Nova Scotia', 'Services-producing sector ', '41.00'),
(180, '2015', 'Annapolis Valley, Nova Scotia', 'Trade ', '7.60'),
(181, '2015', 'Annapolis Valley, Nova Scotia', 'Transportation and warehousing ', '2.90'),
(182, '2015', 'Annapolis Valley, Nova Scotia', 'Finance, insurance, real estate and leasing ', '2.40'),
(183, '2015', 'Annapolis Valley, Nova Scotia', 'Professional, scientific and technical services ', '2.40'),
(184, '2015', 'Annapolis Valley, Nova Scotia', 'Business, building and other support services ', '1.30'),
(185, '2015', 'Annapolis Valley, Nova Scotia', 'Educational services ', '4.70'),
(186, '2015', 'Annapolis Valley, Nova Scotia', 'Health care and social assistance ', '8.30'),
(187, '2015', 'Annapolis Valley, Nova Scotia', 'Information, culture and recreation ', '2.10'),
(188, '2015', 'Annapolis Valley, Nova Scotia', 'Accommodation and food services ', '3.70'),
(189, '2015', 'Annapolis Valley, Nova Scotia', 'Other services ', '2.80'),
(190, '2015', 'Annapolis Valley, Nova Scotia', 'Public administration ', '2.70'),
(191, '2015', 'Southern, Nova Scotia', 'Total employed, all industries ', '50.90'),
(192, '2015', 'Southern, Nova Scotia', 'Goods-producing sector ', '15.20'),
(193, '2015', 'Southern, Nova Scotia', 'Agriculture ', '0.60'),
(194, '2015', 'Southern, Nova Scotia', 'Forestry, fishing, mining, quarrying, oil and gas ', '5.10'),
(195, '2015', 'Southern, Nova Scotia', 'Utilities ', '0.00'),
(196, '2015', 'Southern, Nova Scotia', 'Construction ', '3.40'),
(197, '2015', 'Southern, Nova Scotia', 'Manufacturing ', '5.70'),
(198, '2015', 'Southern, Nova Scotia', 'Services-producing sector ', '35.70'),
(199, '2015', 'Southern, Nova Scotia', 'Trade ', '7.40'),
(200, '2015', 'Southern, Nova Scotia', 'Transportation and warehousing ', '1.70'),
(201, '2015', 'Southern, Nova Scotia', 'Finance, insurance, real estate and leasing ', '1.70'),
(202, '2015', 'Southern, Nova Scotia', 'Professional, scientific and technical services ', '1.80'),
(203, '2015', 'Southern, Nova Scotia', 'Business, building and other support services ', '1.30'),
(204, '2015', 'Southern, Nova Scotia', 'Educational services ', '3.90'),
(205, '2015', 'Southern, Nova Scotia', 'Health care and social assistance ', '9.80'),
(206, '2015', 'Southern, Nova Scotia', 'Information, culture and recreation ', '1.20'),
(207, '2015', 'Southern, Nova Scotia', 'Accommodation and food services ', '2.90'),
(208, '2015', 'Southern, Nova Scotia', 'Other services ', '2.00'),
(209, '2015', 'Southern, Nova Scotia', 'Public administration ', '2.00'),
(210, '2015', 'Halifax, Nova Scotia', 'Total employed, all industries ', '227.20'),
(211, '2015', 'Halifax, Nova Scotia', 'Goods-producing sector ', '30.90'),
(212, '2015', 'Halifax, Nova Scotia', 'Agriculture ', '0.60'),
(213, '2015', 'Halifax, Nova Scotia', 'Forestry, fishing, mining, quarrying, oil and gas ', '2.30'),
(214, '2015', 'Halifax, Nova Scotia', 'Utilities ', '2.00'),
(215, '2015', 'Halifax, Nova Scotia', 'Construction ', '15.30'),
(216, '2015', 'Halifax, Nova Scotia', 'Manufacturing ', '10.70'),
(217, '2015', 'Halifax, Nova Scotia', 'Services-producing sector ', '196.30'),
(218, '2015', 'Halifax, Nova Scotia', 'Trade ', '38.00'),
(219, '2015', 'Halifax, Nova Scotia', 'Transportation and warehousing ', '9.90'),
(220, '2015', 'Halifax, Nova Scotia', 'Finance, insurance, real estate and leasing ', '14.80'),
(221, '2015', 'Halifax, Nova Scotia', 'Professional, scientific and technical services ', '20.30'),
(222, '2015', 'Halifax, Nova Scotia', 'Business, building and other support services ', '11.00'),
(223, '2015', 'Halifax, Nova Scotia', 'Educational services ', '17.40'),
(224, '2015', 'Halifax, Nova Scotia', 'Health care and social assistance ', '31.50'),
(225, '2015', 'Halifax, Nova Scotia', 'Information, culture and recreation ', '12.20'),
(226, '2015', 'Halifax, Nova Scotia', 'Accommodation and food services ', '16.20'),
(227, '2015', 'Halifax, Nova Scotia', 'Other services ', '8.20'),
(228, '2015', 'Halifax, Nova Scotia', 'Public administration ', '16.80'),
(229, '2015', 'New Brunswick', 'Total employed, all industries ', '345.30'),
(230, '2015', 'New Brunswick', 'Goods-producing sector ', '69.70'),
(231, '2015', 'New Brunswick', 'Agriculture ', '3.90'),
(232, '2015', 'New Brunswick', 'Forestry, fishing, mining, quarrying, oil and gas ', '10.10'),
(233, '2015', 'New Brunswick', 'Utilities ', '3.50'),
(234, '2015', 'New Brunswick', 'Construction ', '24.00'),
(235, '2015', 'New Brunswick', 'Manufacturing ', '28.30'),
(236, '2015', 'New Brunswick', 'Services-producing sector ', '275.50'),
(237, '2015', 'New Brunswick', 'Trade ', '55.90'),
(238, '2015', 'New Brunswick', 'Transportation and warehousing ', '16.60'),
(239, '2015', 'New Brunswick', 'Finance, insurance, real estate and leasing ', '14.80'),
(240, '2015', 'New Brunswick', 'Professional, scientific and technical services ', '18.00'),
(241, '2015', 'New Brunswick', 'Business, building and other support services ', '19.40'),
(242, '2015', 'New Brunswick', 'Educational services ', '28.70'),
(243, '2015', 'New Brunswick', 'Health care and social assistance ', '50.80'),
(244, '2015', 'New Brunswick', 'Information, culture and recreation ', '10.20'),
(245, '2015', 'New Brunswick', 'Accommodation and food services ', '21.70'),
(246, '2015', 'New Brunswick', 'Other services ', '15.70'),
(247, '2015', 'New Brunswick', 'Public administration ', '23.60'),
(248, '2015', 'Campbellton-Miramichi, New Brunswick', 'Total employed, all industries ', '57.40'),
(249, '2015', 'Campbellton-Miramichi, New Brunswick', 'Goods-producing sector ', '15.10'),
(250, '2015', 'Campbellton-Miramichi, New Brunswick', 'Agriculture ', '0.90'),
(251, '2015', 'Campbellton-Miramichi, New Brunswick', 'Forestry, fishing, mining, quarrying, oil and gas ', '3.20'),
(252, '2015', 'Campbellton-Miramichi, New Brunswick', 'Utilities ', '0.50'),
(253, '2015', 'Campbellton-Miramichi, New Brunswick', 'Construction ', '6.00'),
(254, '2015', 'Campbellton-Miramichi, New Brunswick', 'Manufacturing ', '4.50'),
(255, '2015', 'Campbellton-Miramichi, New Brunswick', 'Services-producing sector ', '42.30'),
(256, '2015', 'Campbellton-Miramichi, New Brunswick', 'Trade ', '9.90'),
(257, '2015', 'Campbellton-Miramichi, New Brunswick', 'Transportation and warehousing ', '1.40'),
(258, '2015', 'Campbellton-Miramichi, New Brunswick', 'Finance, insurance, real estate and leasing ', '1.20'),
(259, '2015', 'Campbellton-Miramichi, New Brunswick', 'Professional, scientific and technical services ', '1.00'),
(260, '2015', 'Campbellton-Miramichi, New Brunswick', 'Business, building and other support services ', '2.40'),
(261, '2015', 'Campbellton-Miramichi, New Brunswick', 'Educational services ', '3.80'),
(262, '2015', 'Campbellton-Miramichi, New Brunswick', 'Health care and social assistance ', '10.50'),
(263, '2015', 'Campbellton-Miramichi, New Brunswick', 'Information, culture and recreation ', '0.00'),
(264, '2015', 'Campbellton-Miramichi, New Brunswick', 'Accommodation and food services ', '4.00'),
(265, '2015', 'Campbellton-Miramichi, New Brunswick', 'Other services ', '2.90'),
(266, '2015', 'Campbellton-Miramichi, New Brunswick', 'Public administration ', '4.70'),
(267, '2015', 'Moncton-Richibucto, New Brunswick', 'Total employed, all industries ', '104.40'),
(268, '2015', 'Moncton-Richibucto, New Brunswick', 'Goods-producing sector ', '16.40'),
(269, '2015', 'Moncton-Richibucto, New Brunswick', 'Agriculture ', '0.00'),
(270, '2015', 'Moncton-Richibucto, New Brunswick', 'Forestry, fishing, mining, quarrying, oil and gas ', '2.20'),
(271, '2015', 'Moncton-Richibucto, New Brunswick', 'Utilities ', '0.50'),
(272, '2015', 'Moncton-Richibucto, New Brunswick', 'Construction ', '5.30'),
(273, '2015', 'Moncton-Richibucto, New Brunswick', 'Manufacturing ', '8.00'),
(274, '2015', 'Moncton-Richibucto, New Brunswick', 'Services-producing sector ', '88.00'),
(275, '2015', 'Moncton-Richibucto, New Brunswick', 'Trade ', '18.80'),
(276, '2015', 'Moncton-Richibucto, New Brunswick', 'Transportation and warehousing ', '6.70'),
(277, '2015', 'Moncton-Richibucto, New Brunswick', 'Finance, insurance, real estate and leasing ', '5.20'),
(278, '2015', 'Moncton-Richibucto, New Brunswick', 'Professional, scientific and technical services ', '6.10'),
(279, '2015', 'Moncton-Richibucto, New Brunswick', 'Business, building and other support services ', '7.50'),
(280, '2015', 'Moncton-Richibucto, New Brunswick', 'Educational services ', '6.80'),
(281, '2015', 'Moncton-Richibucto, New Brunswick', 'Health care and social assistance ', '14.60'),
(282, '2015', 'Moncton-Richibucto, New Brunswick', 'Information, culture and recreation ', '4.00'),
(283, '2015', 'Moncton-Richibucto, New Brunswick', 'Accommodation and food services ', '6.50'),
(284, '2015', 'Moncton-Richibucto, New Brunswick', 'Other services ', '5.10'),
(285, '2015', 'Moncton-Richibucto, New Brunswick', 'Public administration ', '6.70'),
(286, '2015', 'Saint John-St. Stephen, New Brunswick', 'Total employed, all industries ', '82.70'),
(287, '2015', 'Saint John-St. Stephen, New Brunswick', 'Goods-producing sector ', '18.00'),
(288, '2015', 'Saint John-St. Stephen, New Brunswick', 'Agriculture ', '0.80'),
(289, '2015', 'Saint John-St. Stephen, New Brunswick', 'Forestry, fishing, mining, quarrying, oil and gas ', '2.70'),
(290, '2015', 'Saint John-St. Stephen, New Brunswick', 'Utilities ', '1.20'),
(291, '2015', 'Saint John-St. Stephen, New Brunswick', 'Construction ', '5.80'),
(292, '2015', 'Saint John-St. Stephen, New Brunswick', 'Manufacturing ', '7.40'),
(293, '2015', 'Saint John-St. Stephen, New Brunswick', 'Services-producing sector ', '64.70'),
(294, '2015', 'Saint John-St. Stephen, New Brunswick', 'Trade ', '11.10'),
(295, '2015', 'Saint John-St. Stephen, New Brunswick', 'Transportation and warehousing ', '3.50'),
(296, '2015', 'Saint John-St. Stephen, New Brunswick', 'Finance, insurance, real estate and leasing ', '4.50'),
(297, '2015', 'Saint John-St. Stephen, New Brunswick', 'Professional, scientific and technical services ', '4.90'),
(298, '2015', 'Saint John-St. Stephen, New Brunswick', 'Business, building and other support services ', '6.50'),
(299, '2015', 'Saint John-St. Stephen, New Brunswick', 'Educational services ', '6.50'),
(300, '2015', 'Saint John-St. Stephen, New Brunswick', 'Health care and social assistance ', '12.80'),
(301, '2015', 'Saint John-St. Stephen, New Brunswick', 'Information, culture and recreation ', '2.50'),
(302, '2015', 'Saint John-St. Stephen, New Brunswick', 'Accommodation and food services ', '5.10'),
(303, '2015', 'Saint John-St. Stephen, New Brunswick', 'Other services ', '3.40'),
(304, '2015', 'Saint John-St. Stephen, New Brunswick', 'Public administration ', '3.80'),
(305, '2015', 'Fredericton-Oromocto, New Brunswick', 'Total employed, all industries ', '65.30'),
(306, '2015', 'Fredericton-Oromocto, New Brunswick', 'Goods-producing sector ', '10.40'),
(307, '2015', 'Fredericton-Oromocto, New Brunswick', 'Agriculture ', '0.00'),
(308, '2015', 'Fredericton-Oromocto, New Brunswick', 'Forestry, fishing, mining, quarrying, oil and gas ', '1.30'),
(309, '2015', 'Fredericton-Oromocto, New Brunswick', 'Utilities ', '1.10'),
(310, '2015', 'Fredericton-Oromocto, New Brunswick', 'Construction ', '4.70'),
(311, '2015', 'Fredericton-Oromocto, New Brunswick', 'Manufacturing ', '2.90'),
(312, '2015', 'Fredericton-Oromocto, New Brunswick', 'Services-producing sector ', '54.90'),
(313, '2015', 'Fredericton-Oromocto, New Brunswick', 'Trade ', '10.90'),
(314, '2015', 'Fredericton-Oromocto, New Brunswick', 'Transportation and warehousing ', '2.40'),
(315, '2015', 'Fredericton-Oromocto, New Brunswick', 'Finance, insurance, real estate and leasing ', '2.80'),
(316, '2015', 'Fredericton-Oromocto, New Brunswick', 'Professional, scientific and technical services ', '5.00'),
(317, '2015', 'Fredericton-Oromocto, New Brunswick', 'Business, building and other support services ', '2.10'),
(318, '2015', 'Fredericton-Oromocto, New Brunswick', 'Educational services ', '8.50'),
(319, '2015', 'Fredericton-Oromocto, New Brunswick', 'Health care and social assistance ', '7.80'),
(320, '2015', 'Fredericton-Oromocto, New Brunswick', 'Information, culture and recreation ', '2.60'),
(321, '2015', 'Fredericton-Oromocto, New Brunswick', 'Accommodation and food services ', '3.90'),
(322, '2015', 'Fredericton-Oromocto, New Brunswick', 'Other services ', '2.30'),
(323, '2015', 'Fredericton-Oromocto, New Brunswick', 'Public administration ', '6.80'),
(324, '2015', 'Edmundston-Woodstock, New Brunswick', 'Total employed, all industries ', '35.50'),
(325, '2015', 'Edmundston-Woodstock, New Brunswick', 'Goods-producing sector ', '9.80'),
(326, '2015', 'Edmundston-Woodstock, New Brunswick', 'Agriculture ', '1.60'),
(327, '2015', 'Edmundston-Woodstock, New Brunswick', 'Forestry, fishing, mining, quarrying, oil and gas ', '0.70'),
(328, '2015', 'Edmundston-Woodstock, New Brunswick', 'Utilities ', '0.00'),
(329, '2015', 'Edmundston-Woodstock, New Brunswick', 'Construction ', '2.10'),
(330, '2015', 'Edmundston-Woodstock, New Brunswick', 'Manufacturing ', '5.30'),
(331, '2015', 'Edmundston-Woodstock, New Brunswick', 'Services-producing sector ', '25.60'),
(332, '2015', 'Edmundston-Woodstock, New Brunswick', 'Trade ', '5.20'),
(333, '2015', 'Edmundston-Woodstock, New Brunswick', 'Transportation and warehousing ', '2.60'),
(334, '2015', 'Edmundston-Woodstock, New Brunswick', 'Finance, insurance, real estate and leasing ', '1.00'),
(335, '2015', 'Edmundston-Woodstock, New Brunswick', 'Professional, scientific and technical services ', '1.10'),
(336, '2015', 'Edmundston-Woodstock, New Brunswick', 'Business, building and other support services ', '1.00'),
(337, '2015', 'Edmundston-Woodstock, New Brunswick', 'Educational services ', '3.10'),
(338, '2015', 'Edmundston-Woodstock, New Brunswick', 'Health care and social assistance ', '5.10'),
(339, '2015', 'Edmundston-Woodstock, New Brunswick', 'Information, culture and recreation ', '0.70'),
(340, '2015', 'Edmundston-Woodstock, New Brunswick', 'Accommodation and food services ', '2.10'),
(341, '2015', 'Edmundston-Woodstock, New Brunswick', 'Other services ', '2.00'),
(342, '2015', 'Edmundston-Woodstock, New Brunswick', 'Public administration ', '1.60'),
(343, '2015', 'Quebec', 'Total employed, all industries ', '4027.80'),
(344, '2015', 'Quebec', 'Goods-producing sector ', '840.20'),
(345, '2015', 'Quebec', 'Agriculture ', '50.50'),
(346, '2015', 'Quebec', 'Forestry, fishing, mining, quarrying, oil and gas ', '31.50'),
(347, '2015', 'Quebec', 'Utilities ', '29.50'),
(348, '2015', 'Quebec', 'Construction ', '256.50'),
(349, '2015', 'Quebec', 'Manufacturing ', '472.10'),
(350, '2015', 'Quebec', 'Services-producing sector ', '3187.60'),
(351, '2015', 'Quebec', 'Trade ', '648.90'),
(352, '2015', 'Quebec', 'Transportation and warehousing ', '188.00'),
(353, '2015', 'Quebec', 'Finance, insurance, real estate and leasing ', '214.70'),
(354, '2015', 'Quebec', 'Professional, scientific and technical services ', '297.50'),
(355, '2015', 'Quebec', 'Business, building and other support services ', '153.50'),
(356, '2015', 'Quebec', 'Educational services ', '288.90'),
(357, '2015', 'Quebec', 'Health care and social assistance ', '564.50'),
(358, '2015', 'Quebec', 'Information, culture and recreation ', '167.00'),
(359, '2015', 'Quebec', 'Accommodation and food services ', '278.80'),
(360, '2015', 'Quebec', 'Other services ', '163.90'),
(361, '2015', 'Quebec', 'Public administration ', '222.00'),
(362, '2015', 'Gasp?sie-?les-de-la-Madeleine, Quebec', 'Total employed, all industries ', '32.90'),
(363, '2015', 'Gasp?sie-?les-de-la-Madeleine, Quebec', 'Goods-producing sector ', '6.30'),
(364, '2015', 'Gasp?sie-?les-de-la-Madeleine, Quebec', 'Agriculture ', '0.00'),
(365, '2015', 'Gasp?sie-?les-de-la-Madeleine, Quebec', 'Forestry, fishing, mining, quarrying, oil and gas ', '0.00'),
(366, '2015', 'Gasp?sie-?les-de-la-Madeleine, Quebec', 'Utilities ', '0.00'),
(367, '2015', 'Gasp?sie-?les-de-la-Madeleine, Quebec', 'Construction ', '2.40'),
(368, '2015', 'Gasp?sie-?les-de-la-Madeleine, Quebec', 'Manufacturing ', '2.40'),
(369, '2015', 'Gasp?sie-?les-de-la-Madeleine, Quebec', 'Services-producing sector ', '26.50'),
(370, '2015', 'Gasp?sie-?les-de-la-Madeleine, Quebec', 'Trade ', '6.30'),
(371, '2015', 'Gasp?sie-?les-de-la-Madeleine, Quebec', 'Transportation and warehousing ', '0.00'),
(372, '2015', 'Gasp?sie-?les-de-la-Madeleine, Quebec', 'Finance, insurance, real estate and leasing ', '0.00'),
(373, '2015', 'Gasp?sie-?les-de-la-Madeleine, Quebec', 'Professional, scientific and technical services ', '1.80'),
(374, '2015', 'Gasp?sie-?les-de-la-Madeleine, Quebec', 'Business, building and other support services ', '0.00'),
(375, '2015', 'Gasp?sie-?les-de-la-Madeleine, Quebec', 'Educational services ', '2.50'),
(376, '2015', 'Gasp?sie-?les-de-la-Madeleine, Quebec', 'Health care and social assistance ', '6.90'),
(377, '2015', 'Gasp?sie-?les-de-la-Madeleine, Quebec', 'Information, culture and recreation ', '0.00'),
(378, '2015', 'Gasp?sie-?les-de-la-Madeleine, Quebec', 'Accommodation and food services ', '2.60'),
(379, '2015', 'Gasp?sie-?les-de-la-Madeleine, Quebec', 'Other services ', '0.00'),
(380, '2015', 'Gasp?sie-?les-de-la-Madeleine, Quebec', 'Public administration ', '1.60'),
(381, '2015', 'Bas-Saint-Laurent, Quebec', 'Total employed, all industries ', '82.80'),
(382, '2015', 'Bas-Saint-Laurent, Quebec', 'Goods-producing sector ', '18.20'),
(383, '2015', 'Bas-Saint-Laurent, Quebec', 'Agriculture ', '2.20'),
(384, '2015', 'Bas-Saint-Laurent, Quebec', 'Forestry, fishing, mining, quarrying, oil and gas ', '2.90'),
(385, '2015', 'Bas-Saint-Laurent, Quebec', 'Utilities ', '0.00'),
(386, '2015', 'Bas-Saint-Laurent, Quebec', 'Construction ', '5.10'),
(387, '2015', 'Bas-Saint-Laurent, Quebec', 'Manufacturing ', '7.40'),
(388, '2015', 'Bas-Saint-Laurent, Quebec', 'Services-producing sector ', '64.60'),
(389, '2015', 'Bas-Saint-Laurent, Quebec', 'Trade ', '11.90'),
(390, '2015', 'Bas-Saint-Laurent, Quebec', 'Transportation and warehousing ', '3.20'),
(391, '2015', 'Bas-Saint-Laurent, Quebec', 'Finance, insurance, real estate and leasing ', '2.70'),
(392, '2015', 'Bas-Saint-Laurent, Quebec', 'Professional, scientific and technical services ', '4.60'),
(393, '2015', 'Bas-Saint-Laurent, Quebec', 'Business, building and other support services ', '2.90'),
(394, '2015', 'Bas-Saint-Laurent, Quebec', 'Educational services ', '6.00'),
(395, '2015', 'Bas-Saint-Laurent, Quebec', 'Health care and social assistance ', '17.80'),
(396, '2015', 'Bas-Saint-Laurent, Quebec', 'Information, culture and recreation ', '3.50'),
(397, '2015', 'Bas-Saint-Laurent, Quebec', 'Accommodation and food services ', '4.90'),
(398, '2015', 'Bas-Saint-Laurent, Quebec', 'Other services ', '3.30'),
(399, '2015', 'Bas-Saint-Laurent, Quebec', 'Public administration ', '3.80'),
(400, '2015', 'Capitale-Nationale, Quebec', 'Total employed, all industries ', '378.10'),
(401, '2015', 'Capitale-Nationale, Quebec', 'Goods-producing sector ', '48.10'),
(402, '2015', 'Capitale-Nationale, Quebec', 'Agriculture ', '1.60'),
(403, '2015', 'Capitale-Nationale, Quebec', 'Forestry, fishing, mining, quarrying, oil and gas ', '2.10'),
(404, '2015', 'Capitale-Nationale, Quebec', 'Utilities ', '1.80'),
(405, '2015', 'Capitale-Nationale, Quebec', 'Construction ', '21.10'),
(406, '2015', 'Capitale-Nationale, Quebec', 'Manufacturing ', '21.40'),
(407, '2015', 'Capitale-Nationale, Quebec', 'Services-producing sector ', '330.00'),
(408, '2015', 'Capitale-Nationale, Quebec', 'Trade ', '61.80'),
(409, '2015', 'Capitale-Nationale, Quebec', 'Transportation and warehousing ', '11.80'),
(410, '2015', 'Capitale-Nationale, Quebec', 'Finance, insurance, real estate and leasing ', '25.60'),
(411, '2015', 'Capitale-Nationale, Quebec', 'Professional, scientific and technical services ', '32.20'),
(412, '2015', 'Capitale-Nationale, Quebec', 'Business, building and other support services ', '15.00'),
(413, '2015', 'Capitale-Nationale, Quebec', 'Educational services ', '28.10'),
(414, '2015', 'Capitale-Nationale, Quebec', 'Health care and social assistance ', '53.80'),
(415, '2015', 'Capitale-Nationale, Quebec', 'Information, culture and recreation ', '11.20'),
(416, '2015', 'Capitale-Nationale, Quebec', 'Accommodation and food services ', '33.30'),
(417, '2015', 'Capitale-Nationale, Quebec', 'Other services ', '14.60'),
(418, '2015', 'Capitale-Nationale, Quebec', 'Public administration ', '42.60'),
(419, '2015', 'Chaudi?re-Appalaches, Quebec', 'Total employed, all industries ', '221.60'),
(420, '2015', 'Chaudi?re-Appalaches, Quebec', 'Goods-producing sector ', '69.90'),
(421, '2015', 'Chaudi?re-Appalaches, Quebec', 'Agriculture ', '10.50'),
(422, '2015', 'Chaudi?re-Appalaches, Quebec', 'Forestry, fishing, mining, quarrying, oil and gas ', '0.00'),
(423, '2015', 'Chaudi?re-Appalaches, Quebec', 'Utilities ', '0.00'),
(424, '2015', 'Chaudi?re-Appalaches, Quebec', 'Construction ', '13.90'),
(425, '2015', 'Chaudi?re-Appalaches, Quebec', 'Manufacturing ', '43.30'),
(426, '2015', 'Chaudi?re-Appalaches, Quebec', 'Services-producing sector ', '151.80'),
(427, '2015', 'Chaudi?re-Appalaches, Quebec', 'Trade ', '35.00'),
(428, '2015', 'Chaudi?re-Appalaches, Quebec', 'Transportation and warehousing ', '8.70'),
(429, '2015', 'Chaudi?re-Appalaches, Quebec', 'Finance, insurance, real estate and leasing ', '12.50'),
(430, '2015', 'Chaudi?re-Appalaches, Quebec', 'Professional, scientific and technical services ', '11.00'),
(431, '2015', 'Chaudi?re-Appalaches, Quebec', 'Business, building and other support services ', '5.90'),
(432, '2015', 'Chaudi?re-Appalaches, Quebec', 'Educational services ', '11.00'),
(433, '2015', 'Chaudi?re-Appalaches, Quebec', 'Health care and social assistance ', '32.10'),
(434, '2015', 'Chaudi?re-Appalaches, Quebec', 'Information, culture and recreation ', '4.30'),
(435, '2015', 'Chaudi?re-Appalaches, Quebec', 'Accommodation and food services ', '12.50'),
(436, '2015', 'Chaudi?re-Appalaches, Quebec', 'Other services ', '10.10'),
(437, '2015', 'Chaudi?re-Appalaches, Quebec', 'Public administration ', '8.50'),
(438, '2015', 'Estrie, Quebec', 'Total employed, all industries ', '159.90'),
(439, '2015', 'Estrie, Quebec', 'Goods-producing sector ', '40.60'),
(440, '2015', 'Estrie, Quebec', 'Agriculture ', '6.40'),
(441, '2015', 'Estrie, Quebec', 'Forestry, fishing, mining, quarrying, oil and gas ', '0.00'),
(442, '2015', 'Estrie, Quebec', 'Utilities ', '0.00'),
(443, '2015', 'Estrie, Quebec', 'Construction ', '9.60'),
(444, '2015', 'Estrie, Quebec', 'Manufacturing ', '22.80'),
(445, '2015', 'Estrie, Quebec', 'Services-producing sector ', '119.30'),
(446, '2015', 'Estrie, Quebec', 'Trade ', '21.60'),
(447, '2015', 'Estrie, Quebec', 'Transportation and warehousing ', '7.00'),
(448, '2015', 'Estrie, Quebec', 'Finance, insurance, real estate and leasing ', '4.80'),
(449, '2015', 'Estrie, Quebec', 'Professional, scientific and technical services ', '9.70'),
(450, '2015', 'Estrie, Quebec', 'Business, building and other support services ', '6.90'),
(451, '2015', 'Estrie, Quebec', 'Educational services ', '14.10'),
(452, '2015', 'Estrie, Quebec', 'Health care and social assistance ', '27.10'),
(453, '2015', 'Estrie, Quebec', 'Information, culture and recreation ', '3.50'),
(454, '2015', 'Estrie, Quebec', 'Accommodation and food services ', '11.90'),
(455, '2015', 'Estrie, Quebec', 'Other services ', '7.40'),
(456, '2015', 'Estrie, Quebec', 'Public administration ', '5.10'),
(457, '2015', 'Centre-du-Qu?bec, Quebec', 'Total employed, all industries ', '105.20'),
(458, '2015', 'Centre-du-Qu?bec, Quebec', 'Goods-producing sector ', '39.10'),
(459, '2015', 'Centre-du-Qu?bec, Quebec', 'Agriculture ', '5.20'),
(460, '2015', 'Centre-du-Qu?bec, Quebec', 'Forestry, fishing, mining, quarrying, oil and gas ', '0.00'),
(461, '2015', 'Centre-du-Qu?bec, Quebec', 'Utilities ', '0.00'),
(462, '2015', 'Centre-du-Qu?bec, Quebec', 'Construction ', '9.00'),
(463, '2015', 'Centre-du-Qu?bec, Quebec', 'Manufacturing ', '23.60'),
(464, '2015', 'Centre-du-Qu?bec, Quebec', 'Services-producing sector ', '66.20'),
(465, '2015', 'Centre-du-Qu?bec, Quebec', 'Trade ', '15.20'),
(466, '2015', 'Centre-du-Qu?bec, Quebec', 'Transportation and warehousing ', '6.90'),
(467, '2015', 'Centre-du-Qu?bec, Quebec', 'Finance, insurance, real estate and leasing ', '4.50'),
(468, '2015', 'Centre-du-Qu?bec, Quebec', 'Professional, scientific and technical services ', '2.50'),
(469, '2015', 'Centre-du-Qu?bec, Quebec', 'Business, building and other support services ', '2.80'),
(470, '2015', 'Centre-du-Qu?bec, Quebec', 'Educational services ', '6.50'),
(471, '2015', 'Centre-du-Qu?bec, Quebec', 'Health care and social assistance ', '12.40'),
(472, '2015', 'Centre-du-Qu?bec, Quebec', 'Information, culture and recreation ', '0.00'),
(473, '2015', 'Centre-du-Qu?bec, Quebec', 'Accommodation and food services ', '6.00'),
(474, '2015', 'Centre-du-Qu?bec, Quebec', 'Other services ', '5.30'),
(475, '2015', 'Centre-du-Qu?bec, Quebec', 'Public administration ', '3.60'),
(476, '2015', 'Mont?r?gie, Quebec', 'Total employed, all industries ', '775.00'),
(477, '2015', 'Mont?r?gie, Quebec', 'Goods-producing sector ', '183.40'),
(478, '2015', 'Mont?r?gie, Quebec', 'Agriculture ', '11.20'),
(479, '2015', 'Mont?r?gie, Quebec', 'Forestry, fishing, mining, quarrying, oil and gas ', '0.00'),
(480, '2015', 'Mont?r?gie, Quebec', 'Utilities ', '7.40'),
(481, '2015', 'Mont?r?gie, Quebec', 'Construction ', '56.70'),
(482, '2015', 'Mont?r?gie, Quebec', 'Manufacturing ', '107.80'),
(483, '2015', 'Mont?r?gie, Quebec', 'Services-producing sector ', '591.60'),
(484, '2015', 'Mont?r?gie, Quebec', 'Trade ', '117.20'),
(485, '2015', 'Mont?r?gie, Quebec', 'Transportation and warehousing ', '44.90'),
(486, '2015', 'Mont?r?gie, Quebec', 'Finance, insurance, real estate and leasing ', '36.80'),
(487, '2015', 'Mont?r?gie, Quebec', 'Professional, scientific and technical services ', '54.50'),
(488, '2015', 'Mont?r?gie, Quebec', 'Business, building and other support services ', '33.70'),
(489, '2015', 'Mont?r?gie, Quebec', 'Educational services ', '49.90'),
(490, '2015', 'Mont?r?gie, Quebec', 'Health care and social assistance ', '109.30'),
(491, '2015', 'Mont?r?gie, Quebec', 'Information, culture and recreation ', '25.40'),
(492, '2015', 'Mont?r?gie, Quebec', 'Accommodation and food services ', '58.80'),
(493, '2015', 'Mont?r?gie, Quebec', 'Other services ', '29.90'),
(494, '2015', 'Mont?r?gie, Quebec', 'Public administration ', '31.20'),
(495, '2015', 'Montr?al, Quebec', 'Total employed, all industries ', '949.70'),
(496, '2015', 'Montr?al, Quebec', 'Goods-producing sector ', '131.10'),
(497, '2015', 'Montr?al, Quebec', 'Agriculture ', '0.00'),
(498, '2015', 'Montr?al, Quebec', 'Forestry, fishing, mining, quarrying, oil and gas ', '2.20'),
(499, '2015', 'Montr?al, Quebec', 'Utilities ', '5.90'),
(500, '2015', 'Montr?al, Quebec', 'Construction ', '25.40'),
(501, '2015', 'Montr?al, Quebec', 'Manufacturing ', '96.60'),
(502, '2015', 'Montr?al, Quebec', 'Services-producing sector ', '818.60'),
(503, '2015', 'Montr?al, Quebec', 'Trade ', '150.40'),
(504, '2015', 'Montr?al, Quebec', 'Transportation and warehousing ', '43.20'),
(505, '2015', 'Montr?al, Quebec', 'Finance, insurance, real estate and leasing ', '69.20'),
(506, '2015', 'Montr?al, Quebec', 'Professional, scientific and technical services ', '108.90'),
(507, '2015', 'Montr?al, Quebec', 'Business, building and other support services ', '37.90'),
(508, '2015', 'Montr?al, Quebec', 'Educational services ', '77.40'),
(509, '2015', 'Montr?al, Quebec', 'Health care and social assistance ', '128.40'),
(510, '2015', 'Montr?al, Quebec', 'Information, culture and recreation ', '65.00'),
(511, '2015', 'Montr?al, Quebec', 'Accommodation and food services ', '66.80'),
(512, '2015', 'Montr?al, Quebec', 'Other services ', '39.60'),
(513, '2015', 'Montr?al, Quebec', 'Public administration ', '31.70'),
(514, '2015', 'Laval, Quebec', 'Total employed, all industries ', '225.80'),
(515, '2015', 'Laval, Quebec', 'Goods-producing sector ', '49.60'),
(516, '2015', 'Laval, Quebec', 'Agriculture ', '0.00'),
(517, '2015', 'Laval, Quebec', 'Forestry, fishing, mining, quarrying, oil and gas ', '0.00'),
(518, '2015', 'Laval, Quebec', 'Utilities ', '0.00'),
(519, '2015', 'Laval, Quebec', 'Construction ', '19.10'),
(520, '2015', 'Laval, Quebec', 'Manufacturing ', '29.30'),
(521, '2015', 'Laval, Quebec', 'Services-producing sector ', '176.20'),
(522, '2015', 'Laval, Quebec', 'Trade ', '43.20'),
(523, '2015', 'Laval, Quebec', 'Transportation and warehousing ', '11.20'),
(524, '2015', 'Laval, Quebec', 'Finance, insurance, real estate and leasing ', '10.50'),
(525, '2015', 'Laval, Quebec', 'Professional, scientific and technical services ', '19.40'),
(526, '2015', 'Laval, Quebec', 'Business, building and other support services ', '5.70'),
(527, '2015', 'Laval, Quebec', 'Educational services ', '18.70'),
(528, '2015', 'Laval, Quebec', 'Health care and social assistance ', '20.70'),
(529, '2015', 'Laval, Quebec', 'Information, culture and recreation ', '10.60'),
(530, '2015', 'Laval, Quebec', 'Accommodation and food services ', '17.90'),
(531, '2015', 'Laval, Quebec', 'Other services ', '5.70'),
(532, '2015', 'Laval, Quebec', 'Public administration ', '12.70'),
(533, '2015', 'Lanaudi?re, Quebec', 'Total employed, all industries ', '252.40'),
(534, '2015', 'Lanaudi?re, Quebec', 'Goods-producing sector ', '63.90'),
(535, '2015', 'Lanaudi?re, Quebec', 'Agriculture ', '3.40'),
(536, '2015', 'Lanaudi?re, Quebec', 'Forestry, fishing, mining, quarrying, oil and gas ', '0.00'),
(537, '2015', 'Lanaudi?re, Quebec', 'Utilities ', '2.80'),
(538, '2015', 'Lanaudi?re, Quebec', 'Construction ', '24.60'),
(539, '2015', 'Lanaudi?re, Quebec', 'Manufacturing ', '32.00'),
(540, '2015', 'Lanaudi?re, Quebec', 'Services-producing sector ', '188.50'),
(541, '2015', 'Lanaudi?re, Quebec', 'Trade ', '45.70'),
(542, '2015', 'Lanaudi?re, Quebec', 'Transportation and warehousing ', '7.30'),
(543, '2015', 'Lanaudi?re, Quebec', 'Finance, insurance, real estate and leasing ', '14.50'),
(544, '2015', 'Lanaudi?re, Quebec', 'Professional, scientific and technical services ', '13.80'),
(545, '2015', 'Lanaudi?re, Quebec', 'Business, building and other support services ', '8.80'),
(546, '2015', 'Lanaudi?re, Quebec', 'Educational services ', '19.50'),
(547, '2015', 'Lanaudi?re, Quebec', 'Health care and social assistance ', '34.50'),
(548, '2015', 'Lanaudi?re, Quebec', 'Information, culture and recreation ', '9.40'),
(549, '2015', 'Lanaudi?re, Quebec', 'Accommodation and food services ', '14.50'),
(550, '2015', 'Lanaudi?re, Quebec', 'Other services ', '9.60'),
(551, '2015', 'Lanaudi?re, Quebec', 'Public administration ', '11.00'),
(552, '2015', 'Laurentides, Quebec', 'Total employed, all industries ', '289.40'),
(553, '2015', 'Laurentides, Quebec', 'Goods-producing sector ', '71.90'),
(554, '2015', 'Laurentides, Quebec', 'Agriculture ', '2.80'),
(555, '2015', 'Laurentides, Quebec', 'Forestry, fishing, mining, quarrying, oil and gas ', '1.80'),
(556, '2015', 'Laurentides, Quebec', 'Utilities ', '1.90'),
(557, '2015', 'Laurentides, Quebec', 'Construction ', '31.20'),
(558, '2015', 'Laurentides, Quebec', 'Manufacturing ', '34.20'),
(559, '2015', 'Laurentides, Quebec', 'Services-producing sector ', '217.50'),
(560, '2015', 'Laurentides, Quebec', 'Trade ', '51.30'),
(561, '2015', 'Laurentides, Quebec', 'Transportation and warehousing ', '17.70'),
(562, '2015', 'Laurentides, Quebec', 'Finance, insurance, real estate and leasing ', '9.90'),
(563, '2015', 'Laurentides, Quebec', 'Professional, scientific and technical services ', '13.90'),
(564, '2015', 'Laurentides, Quebec', 'Business, building and other support services ', '10.00'),
(565, '2015', 'Laurentides, Quebec', 'Educational services ', '14.30'),
(566, '2015', 'Laurentides, Quebec', 'Health care and social assistance ', '43.90'),
(567, '2015', 'Laurentides, Quebec', 'Information, culture and recreation ', '15.00'),
(568, '2015', 'Laurentides, Quebec', 'Accommodation and food services ', '15.90'),
(569, '2015', 'Laurentides, Quebec', 'Other services ', '13.80'),
(570, '2015', 'Laurentides, Quebec', 'Public administration ', '11.80'),
(571, '2015', 'Outaouais, Quebec', 'Total employed, all industries ', '191.20'),
(572, '2015', 'Outaouais, Quebec', 'Goods-producing sector ', '29.20'),
(573, '2015', 'Outaouais, Quebec', 'Agriculture ', '0.00'),
(574, '2015', 'Outaouais, Quebec', 'Forestry, fishing, mining, quarrying, oil and gas ', '0.00'),
(575, '2015', 'Outaouais, Quebec', 'Utilities ', '0.00'),
(576, '2015', 'Outaouais, Quebec', 'Construction ', '15.90'),
(577, '2015', 'Outaouais, Quebec', 'Manufacturing ', '10.40'),
(578, '2015', 'Outaouais, Quebec', 'Services-producing sector ', '162.00'),
(579, '2015', 'Outaouais, Quebec', 'Trade ', '21.60'),
(580, '2015', 'Outaouais, Quebec', 'Transportation and warehousing ', '7.90'),
(581, '2015', 'Outaouais, Quebec', 'Finance, insurance, real estate and leasing ', '8.00'),
(582, '2015', 'Outaouais, Quebec', 'Professional, scientific and technical services ', '9.30'),
(583, '2015', 'Outaouais, Quebec', 'Business, building and other support services ', '6.80'),
(584, '2015', 'Outaouais, Quebec', 'Educational services ', '15.40'),
(585, '2015', 'Outaouais, Quebec', 'Health care and social assistance ', '24.30'),
(586, '2015', 'Outaouais, Quebec', 'Information, culture and recreation ', '7.50'),
(587, '2015', 'Outaouais, Quebec', 'Accommodation and food services ', '12.10'),
(588, '2015', 'Outaouais, Quebec', 'Other services ', '6.70'),
(589, '2015', 'Outaouais, Quebec', 'Public administration ', '42.30'),
(590, '2015', 'Abitibi-T?miscamingue, Quebec', 'Total employed, all industries ', '71.20'),
(591, '2015', 'Abitibi-T?miscamingue, Quebec', 'Goods-producing sector ', '19.50'),
(592, '2015', 'Abitibi-T?miscamingue, Quebec', 'Agriculture ', '0.00'),
(593, '2015', 'Abitibi-T?miscamingue, Quebec', 'Forestry, fishing, mining, quarrying, oil and gas ', '8.20'),
(594, '2015', 'Abitibi-T?miscamingue, Quebec', 'Utilities ', '0.00'),
(595, '2015', 'Abitibi-T?miscamingue, Quebec', 'Construction ', '4.70'),
(596, '2015', 'Abitibi-T?miscamingue, Quebec', 'Manufacturing ', '4.90'),
(597, '2015', 'Abitibi-T?miscamingue, Quebec', 'Services-producing sector ', '51.70'),
(598, '2015', 'Abitibi-T?miscamingue, Quebec', 'Trade ', '12.80'),
(599, '2015', 'Abitibi-T?miscamingue, Quebec', 'Transportation and warehousing ', '4.60'),
(600, '2015', 'Abitibi-T?miscamingue, Quebec', 'Finance, insurance, real estate and leasing ', '2.70'),
(601, '2015', 'Abitibi-T?miscamingue, Quebec', 'Professional, scientific and technical services ', '2.30'),
(602, '2015', 'Abitibi-T?miscamingue, Quebec', 'Business, building and other support services ', '2.70'),
(603, '2015', 'Abitibi-T?miscamingue, Quebec', 'Educational services ', '3.90'),
(604, '2015', 'Abitibi-T?miscamingue, Quebec', 'Health care and social assistance ', '10.30'),
(605, '2015', 'Abitibi-T?miscamingue, Quebec', 'Information, culture and recreation ', '1.70'),
(606, '2015', 'Abitibi-T?miscamingue, Quebec', 'Accommodation and food services ', '3.10'),
(607, '2015', 'Abitibi-T?miscamingue, Quebec', 'Other services ', '3.60'),
(608, '2015', 'Abitibi-T?miscamingue, Quebec', 'Public administration ', '4.00'),
(609, '2015', 'Mauricie, Quebec', 'Total employed, all industries ', '117.50'),
(610, '2015', 'Mauricie, Quebec', 'Goods-producing sector ', '27.90'),
(611, '2015', 'Mauricie, Quebec', 'Agriculture ', '0.00'),
(612, '2015', 'Mauricie, Quebec', 'Forestry, fishing, mining, quarrying, oil and gas ', '0.00');
INSERT INTO `totallabourer` (`id`, `date`, `city`, `industry`, `value`) VALUES
(613, '2015', 'Mauricie, Quebec', 'Utilities ', '0.00'),
(614, '2015', 'Mauricie, Quebec', 'Construction ', '6.10'),
(615, '2015', 'Mauricie, Quebec', 'Manufacturing ', '17.90'),
(616, '2015', 'Mauricie, Quebec', 'Services-producing sector ', '89.60'),
(617, '2015', 'Mauricie, Quebec', 'Trade ', '25.90'),
(618, '2015', 'Mauricie, Quebec', 'Transportation and warehousing ', '4.80'),
(619, '2015', 'Mauricie, Quebec', 'Finance, insurance, real estate and leasing ', '5.00'),
(620, '2015', 'Mauricie, Quebec', 'Professional, scientific and technical services ', '4.40'),
(621, '2015', 'Mauricie, Quebec', 'Business, building and other support services ', '5.60'),
(622, '2015', 'Mauricie, Quebec', 'Educational services ', '6.60'),
(623, '2015', 'Mauricie, Quebec', 'Health care and social assistance ', '17.30'),
(624, '2015', 'Mauricie, Quebec', 'Information, culture and recreation ', '4.80'),
(625, '2015', 'Mauricie, Quebec', 'Accommodation and food services ', '5.50'),
(626, '2015', 'Mauricie, Quebec', 'Other services ', '4.30'),
(627, '2015', 'Mauricie, Quebec', 'Public administration ', '5.30'),
(628, '2015', 'Saguenay-Lac-Saint-Jean, Quebec', 'Total employed, all industries ', '126.50'),
(629, '2015', 'Saguenay-Lac-Saint-Jean, Quebec', 'Goods-producing sector ', '29.30'),
(630, '2015', 'Saguenay-Lac-Saint-Jean, Quebec', 'Agriculture ', '0.00'),
(631, '2015', 'Saguenay-Lac-Saint-Jean, Quebec', 'Forestry, fishing, mining, quarrying, oil and gas ', '5.20'),
(632, '2015', 'Saguenay-Lac-Saint-Jean, Quebec', 'Utilities ', '0.00'),
(633, '2015', 'Saguenay-Lac-Saint-Jean, Quebec', 'Construction ', '9.00'),
(634, '2015', 'Saguenay-Lac-Saint-Jean, Quebec', 'Manufacturing ', '12.50'),
(635, '2015', 'Saguenay-Lac-Saint-Jean, Quebec', 'Services-producing sector ', '97.10'),
(636, '2015', 'Saguenay-Lac-Saint-Jean, Quebec', 'Trade ', '19.90'),
(637, '2015', 'Saguenay-Lac-Saint-Jean, Quebec', 'Transportation and warehousing ', '5.30'),
(638, '2015', 'Saguenay-Lac-Saint-Jean, Quebec', 'Finance, insurance, real estate and leasing ', '5.90'),
(639, '2015', 'Saguenay-Lac-Saint-Jean, Quebec', 'Professional, scientific and technical services ', '6.80'),
(640, '2015', 'Saguenay-Lac-Saint-Jean, Quebec', 'Business, building and other support services ', '5.50'),
(641, '2015', 'Saguenay-Lac-Saint-Jean, Quebec', 'Educational services ', '12.20'),
(642, '2015', 'Saguenay-Lac-Saint-Jean, Quebec', 'Health care and social assistance ', '20.10'),
(643, '2015', 'Saguenay-Lac-Saint-Jean, Quebec', 'Information, culture and recreation ', '2.80'),
(644, '2015', 'Saguenay-Lac-Saint-Jean, Quebec', 'Accommodation and food services ', '7.60'),
(645, '2015', 'Saguenay-Lac-Saint-Jean, Quebec', 'Other services ', '7.20'),
(646, '2015', 'Saguenay-Lac-Saint-Jean, Quebec', 'Public administration ', '3.90'),
(647, '2015', 'C?te-Nord and Nord-du-Qu?bec, Quebec', 'Total employed, all industries ', '48.70'),
(648, '2015', 'C?te-Nord and Nord-du-Qu?bec, Quebec', 'Goods-producing sector ', '12.20'),
(649, '2015', 'C?te-Nord and Nord-du-Qu?bec, Quebec', 'Agriculture ', '0.00'),
(650, '2015', 'C?te-Nord and Nord-du-Qu?bec, Quebec', 'Forestry, fishing, mining, quarrying, oil and gas ', '1.70'),
(651, '2015', 'C?te-Nord and Nord-du-Qu?bec, Quebec', 'Utilities ', '1.90'),
(652, '2015', 'C?te-Nord and Nord-du-Qu?bec, Quebec', 'Construction ', '2.60'),
(653, '2015', 'C?te-Nord and Nord-du-Qu?bec, Quebec', 'Manufacturing ', '5.80'),
(654, '2015', 'C?te-Nord and Nord-du-Qu?bec, Quebec', 'Services-producing sector ', '36.40'),
(655, '2015', 'C?te-Nord and Nord-du-Qu?bec, Quebec', 'Trade ', '9.10'),
(656, '2015', 'C?te-Nord and Nord-du-Qu?bec, Quebec', 'Transportation and warehousing ', '2.20'),
(657, '2015', 'C?te-Nord and Nord-du-Qu?bec, Quebec', 'Finance, insurance, real estate and leasing ', '1.50'),
(658, '2015', 'C?te-Nord and Nord-du-Qu?bec, Quebec', 'Professional, scientific and technical services ', '2.50'),
(659, '2015', 'C?te-Nord and Nord-du-Qu?bec, Quebec', 'Business, building and other support services ', '1.70'),
(660, '2015', 'C?te-Nord and Nord-du-Qu?bec, Quebec', 'Educational services ', '2.80'),
(661, '2015', 'C?te-Nord and Nord-du-Qu?bec, Quebec', 'Health care and social assistance ', '5.50'),
(662, '2015', 'C?te-Nord and Nord-du-Qu?bec, Quebec', 'Information, culture and recreation ', '0.00'),
(663, '2015', 'C?te-Nord and Nord-du-Qu?bec, Quebec', 'Accommodation and food services ', '5.50'),
(664, '2015', 'C?te-Nord and Nord-du-Qu?bec, Quebec', 'Other services ', '1.60'),
(665, '2015', 'C?te-Nord and Nord-du-Qu?bec, Quebec', 'Public administration ', '2.80'),
(666, '2015', 'Ontario', 'Total employed, all industries ', '6845.10'),
(667, '2015', 'Ontario', 'Goods-producing sector ', '1369.10'),
(668, '2015', 'Ontario', 'Agriculture ', '77.00'),
(669, '2015', 'Ontario', 'Forestry, fishing, mining, quarrying, oil and gas ', '35.40'),
(670, '2015', 'Ontario', 'Utilities ', '50.20'),
(671, '2015', 'Ontario', 'Construction ', '462.70'),
(672, '2015', 'Ontario', 'Manufacturing ', '743.80'),
(673, '2015', 'Ontario', 'Services-producing sector ', '5476.00'),
(674, '2015', 'Ontario', 'Trade ', '1046.30'),
(675, '2015', 'Ontario', 'Transportation and warehousing ', '315.60'),
(676, '2015', 'Ontario', 'Finance, insurance, real estate and leasing ', '523.80'),
(677, '2015', 'Ontario', 'Professional, scientific and technical services ', '560.10'),
(678, '2015', 'Ontario', 'Business, building and other support services ', '331.60'),
(679, '2015', 'Ontario', 'Educational services ', '527.10'),
(680, '2015', 'Ontario', 'Health care and social assistance ', '808.80'),
(681, '2015', 'Ontario', 'Information, culture and recreation ', '306.10'),
(682, '2015', 'Ontario', 'Accommodation and food services ', '432.90'),
(683, '2015', 'Ontario', 'Other services ', '269.50'),
(684, '2015', 'Ontario', 'Public administration ', '354.20'),
(685, '2015', 'Ottawa, Ontario', 'Total employed, all industries ', '691.90'),
(686, '2015', 'Ottawa, Ontario', 'Goods-producing sector ', '84.50'),
(687, '2015', 'Ottawa, Ontario', 'Agriculture ', '8.10'),
(688, '2015', 'Ottawa, Ontario', 'Forestry, fishing, mining, quarrying, oil and gas ', '0.00'),
(689, '2015', 'Ottawa, Ontario', 'Utilities ', '1.60'),
(690, '2015', 'Ottawa, Ontario', 'Construction ', '38.20'),
(691, '2015', 'Ottawa, Ontario', 'Manufacturing ', '35.90'),
(692, '2015', 'Ottawa, Ontario', 'Services-producing sector ', '607.40'),
(693, '2015', 'Ottawa, Ontario', 'Trade ', '100.80'),
(694, '2015', 'Ottawa, Ontario', 'Transportation and warehousing ', '26.10'),
(695, '2015', 'Ottawa, Ontario', 'Finance, insurance, real estate and leasing ', '26.30'),
(696, '2015', 'Ottawa, Ontario', 'Professional, scientific and technical services ', '60.40'),
(697, '2015', 'Ottawa, Ontario', 'Business, building and other support services ', '29.50'),
(698, '2015', 'Ottawa, Ontario', 'Educational services ', '56.70'),
(699, '2015', 'Ottawa, Ontario', 'Health care and social assistance ', '89.10'),
(700, '2015', 'Ottawa, Ontario', 'Information, culture and recreation ', '29.60'),
(701, '2015', 'Ottawa, Ontario', 'Accommodation and food services ', '46.30'),
(702, '2015', 'Ottawa, Ontario', 'Other services ', '27.80'),
(703, '2015', 'Ottawa, Ontario', 'Public administration ', '114.80'),
(704, '2015', 'Kingston-Pembroke, Ontario', 'Total employed, all industries ', '206.90'),
(705, '2015', 'Kingston-Pembroke, Ontario', 'Goods-producing sector ', '37.00'),
(706, '2015', 'Kingston-Pembroke, Ontario', 'Agriculture ', '3.50'),
(707, '2015', 'Kingston-Pembroke, Ontario', 'Forestry, fishing, mining, quarrying, oil and gas ', '0.00'),
(708, '2015', 'Kingston-Pembroke, Ontario', 'Utilities ', '0.00'),
(709, '2015', 'Kingston-Pembroke, Ontario', 'Construction ', '14.10'),
(710, '2015', 'Kingston-Pembroke, Ontario', 'Manufacturing ', '17.40'),
(711, '2015', 'Kingston-Pembroke, Ontario', 'Services-producing sector ', '169.80'),
(712, '2015', 'Kingston-Pembroke, Ontario', 'Trade ', '32.40'),
(713, '2015', 'Kingston-Pembroke, Ontario', 'Transportation and warehousing ', '13.50'),
(714, '2015', 'Kingston-Pembroke, Ontario', 'Finance, insurance, real estate and leasing ', '8.70'),
(715, '2015', 'Kingston-Pembroke, Ontario', 'Professional, scientific and technical services ', '6.20'),
(716, '2015', 'Kingston-Pembroke, Ontario', 'Business, building and other support services ', '9.60'),
(717, '2015', 'Kingston-Pembroke, Ontario', 'Educational services ', '14.80'),
(718, '2015', 'Kingston-Pembroke, Ontario', 'Health care and social assistance ', '36.20'),
(719, '2015', 'Kingston-Pembroke, Ontario', 'Information, culture and recreation ', '8.60'),
(720, '2015', 'Kingston-Pembroke, Ontario', 'Accommodation and food services ', '12.90'),
(721, '2015', 'Kingston-Pembroke, Ontario', 'Other services ', '9.20'),
(722, '2015', 'Kingston-Pembroke, Ontario', 'Public administration ', '17.60'),
(723, '2015', 'Muskoka-Kawarthas, Ontario', 'Total employed, all industries ', '187.30'),
(724, '2015', 'Muskoka-Kawarthas, Ontario', 'Goods-producing sector ', '45.30'),
(725, '2015', 'Muskoka-Kawarthas, Ontario', 'Agriculture ', '4.00'),
(726, '2015', 'Muskoka-Kawarthas, Ontario', 'Forestry, fishing, mining, quarrying, oil and gas ', '0.00'),
(727, '2015', 'Muskoka-Kawarthas, Ontario', 'Utilities ', '1.50'),
(728, '2015', 'Muskoka-Kawarthas, Ontario', 'Construction ', '20.70'),
(729, '2015', 'Muskoka-Kawarthas, Ontario', 'Manufacturing ', '18.20'),
(730, '2015', 'Muskoka-Kawarthas, Ontario', 'Services-producing sector ', '142.00'),
(731, '2015', 'Muskoka-Kawarthas, Ontario', 'Trade ', '38.00'),
(732, '2015', 'Muskoka-Kawarthas, Ontario', 'Transportation and warehousing ', '7.20'),
(733, '2015', 'Muskoka-Kawarthas, Ontario', 'Finance, insurance, real estate and leasing ', '7.10'),
(734, '2015', 'Muskoka-Kawarthas, Ontario', 'Professional, scientific and technical services ', '7.40'),
(735, '2015', 'Muskoka-Kawarthas, Ontario', 'Business, building and other support services ', '8.20'),
(736, '2015', 'Muskoka-Kawarthas, Ontario', 'Educational services ', '16.20'),
(737, '2015', 'Muskoka-Kawarthas, Ontario', 'Health care and social assistance ', '23.90'),
(738, '2015', 'Muskoka-Kawarthas, Ontario', 'Information, culture and recreation ', '6.90'),
(739, '2015', 'Muskoka-Kawarthas, Ontario', 'Accommodation and food services ', '13.70'),
(740, '2015', 'Muskoka-Kawarthas, Ontario', 'Other services ', '8.70'),
(741, '2015', 'Muskoka-Kawarthas, Ontario', 'Public administration ', '4.70'),
(742, '2015', 'Toronto, Ontario', 'Total employed, all industries ', '3223.60'),
(743, '2015', 'Toronto, Ontario', 'Goods-producing sector ', '555.30'),
(744, '2015', 'Toronto, Ontario', 'Agriculture ', '4.50'),
(745, '2015', 'Toronto, Ontario', 'Forestry, fishing, mining, quarrying, oil and gas ', '8.20'),
(746, '2015', 'Toronto, Ontario', 'Utilities ', '21.80'),
(747, '2015', 'Toronto, Ontario', 'Construction ', '190.30'),
(748, '2015', 'Toronto, Ontario', 'Manufacturing ', '330.60'),
(749, '2015', 'Toronto, Ontario', 'Services-producing sector ', '2668.30'),
(750, '2015', 'Toronto, Ontario', 'Trade ', '482.30'),
(751, '2015', 'Toronto, Ontario', 'Transportation and warehousing ', '146.10'),
(752, '2015', 'Toronto, Ontario', 'Finance, insurance, real estate and leasing ', '354.10'),
(753, '2015', 'Toronto, Ontario', 'Professional, scientific and technical services ', '342.70'),
(754, '2015', 'Toronto, Ontario', 'Business, building and other support services ', '172.10'),
(755, '2015', 'Toronto, Ontario', 'Educational services ', '240.40'),
(756, '2015', 'Toronto, Ontario', 'Health care and social assistance ', '324.20'),
(757, '2015', 'Toronto, Ontario', 'Information, culture and recreation ', '172.10'),
(758, '2015', 'Toronto, Ontario', 'Accommodation and food services ', '192.90'),
(759, '2015', 'Toronto, Ontario', 'Other services ', '129.80'),
(760, '2015', 'Toronto, Ontario', 'Public administration ', '111.60'),
(761, '2015', 'Kitchener-Waterloo-Barrie, Ontario', 'Total employed, all industries ', '705.70'),
(762, '2015', 'Kitchener-Waterloo-Barrie, Ontario', 'Goods-producing sector ', '184.20'),
(763, '2015', 'Kitchener-Waterloo-Barrie, Ontario', 'Agriculture ', '11.20'),
(764, '2015', 'Kitchener-Waterloo-Barrie, Ontario', 'Forestry, fishing, mining, quarrying, oil and gas ', '2.80'),
(765, '2015', 'Kitchener-Waterloo-Barrie, Ontario', 'Utilities ', '5.10'),
(766, '2015', 'Kitchener-Waterloo-Barrie, Ontario', 'Construction ', '52.40'),
(767, '2015', 'Kitchener-Waterloo-Barrie, Ontario', 'Manufacturing ', '112.70'),
(768, '2015', 'Kitchener-Waterloo-Barrie, Ontario', 'Services-producing sector ', '521.40'),
(769, '2015', 'Kitchener-Waterloo-Barrie, Ontario', 'Trade ', '105.30'),
(770, '2015', 'Kitchener-Waterloo-Barrie, Ontario', 'Transportation and warehousing ', '33.10'),
(771, '2015', 'Kitchener-Waterloo-Barrie, Ontario', 'Finance, insurance, real estate and leasing ', '37.70'),
(772, '2015', 'Kitchener-Waterloo-Barrie, Ontario', 'Professional, scientific and technical services ', '52.20'),
(773, '2015', 'Kitchener-Waterloo-Barrie, Ontario', 'Business, building and other support services ', '32.50'),
(774, '2015', 'Kitchener-Waterloo-Barrie, Ontario', 'Educational services ', '58.60'),
(775, '2015', 'Kitchener-Waterloo-Barrie, Ontario', 'Health care and social assistance ', '78.50'),
(776, '2015', 'Kitchener-Waterloo-Barrie, Ontario', 'Information, culture and recreation ', '22.80'),
(777, '2015', 'Kitchener-Waterloo-Barrie, Ontario', 'Accommodation and food services ', '47.80'),
(778, '2015', 'Kitchener-Waterloo-Barrie, Ontario', 'Other services ', '27.40'),
(779, '2015', 'Kitchener-Waterloo-Barrie, Ontario', 'Public administration ', '25.50'),
(780, '2015', 'Hamilton-Niagara Peninsula, Ontario', 'Total employed, all industries ', '699.00'),
(781, '2015', 'Hamilton-Niagara Peninsula, Ontario', 'Goods-producing sector ', '165.80'),
(782, '2015', 'Hamilton-Niagara Peninsula, Ontario', 'Agriculture ', '8.90'),
(783, '2015', 'Hamilton-Niagara Peninsula, Ontario', 'Forestry, fishing, mining, quarrying, oil and gas ', '1.70'),
(784, '2015', 'Hamilton-Niagara Peninsula, Ontario', 'Utilities ', '4.40'),
(785, '2015', 'Hamilton-Niagara Peninsula, Ontario', 'Construction ', '61.70'),
(786, '2015', 'Hamilton-Niagara Peninsula, Ontario', 'Manufacturing ', '89.10'),
(787, '2015', 'Hamilton-Niagara Peninsula, Ontario', 'Services-producing sector ', '533.20'),
(788, '2015', 'Hamilton-Niagara Peninsula, Ontario', 'Trade ', '117.10'),
(789, '2015', 'Hamilton-Niagara Peninsula, Ontario', 'Transportation and warehousing ', '30.20'),
(790, '2015', 'Hamilton-Niagara Peninsula, Ontario', 'Finance, insurance, real estate and leasing ', '37.90'),
(791, '2015', 'Hamilton-Niagara Peninsula, Ontario', 'Professional, scientific and technical services ', '40.20'),
(792, '2015', 'Hamilton-Niagara Peninsula, Ontario', 'Business, building and other support services ', '34.30'),
(793, '2015', 'Hamilton-Niagara Peninsula, Ontario', 'Educational services ', '58.10'),
(794, '2015', 'Hamilton-Niagara Peninsula, Ontario', 'Health care and social assistance ', '88.80'),
(795, '2015', 'Hamilton-Niagara Peninsula, Ontario', 'Information, culture and recreation ', '25.70'),
(796, '2015', 'Hamilton-Niagara Peninsula, Ontario', 'Accommodation and food services ', '46.70'),
(797, '2015', 'Hamilton-Niagara Peninsula, Ontario', 'Other services ', '25.20'),
(798, '2015', 'Hamilton-Niagara Peninsula, Ontario', 'Public administration ', '29.00'),
(799, '2015', 'London, Ontario', 'Total employed, all industries ', '322.40'),
(800, '2015', 'London, Ontario', 'Goods-producing sector ', '78.10'),
(801, '2015', 'London, Ontario', 'Agriculture ', '12.10'),
(802, '2015', 'London, Ontario', 'Forestry, fishing, mining, quarrying, oil and gas ', '0.00'),
(803, '2015', 'London, Ontario', 'Utilities ', '1.70'),
(804, '2015', 'London, Ontario', 'Construction ', '20.40'),
(805, '2015', 'London, Ontario', 'Manufacturing ', '43.80'),
(806, '2015', 'London, Ontario', 'Services-producing sector ', '244.40'),
(807, '2015', 'London, Ontario', 'Trade ', '45.50'),
(808, '2015', 'London, Ontario', 'Transportation and warehousing ', '16.60'),
(809, '2015', 'London, Ontario', 'Finance, insurance, real estate and leasing ', '26.60'),
(810, '2015', 'London, Ontario', 'Professional, scientific and technical services ', '17.40'),
(811, '2015', 'London, Ontario', 'Business, building and other support services ', '15.20'),
(812, '2015', 'London, Ontario', 'Educational services ', '26.40'),
(813, '2015', 'London, Ontario', 'Health care and social assistance ', '43.30'),
(814, '2015', 'London, Ontario', 'Information, culture and recreation ', '9.80'),
(815, '2015', 'London, Ontario', 'Accommodation and food services ', '19.90'),
(816, '2015', 'London, Ontario', 'Other services ', '11.80'),
(817, '2015', 'London, Ontario', 'Public administration ', '11.90'),
(818, '2015', 'Windsor-Sarnia, Ontario', 'Total employed, all industries ', '299.70'),
(819, '2015', 'Windsor-Sarnia, Ontario', 'Goods-producing sector ', '87.90'),
(820, '2015', 'Windsor-Sarnia, Ontario', 'Agriculture ', '9.20'),
(821, '2015', 'Windsor-Sarnia, Ontario', 'Forestry, fishing, mining, quarrying, oil and gas ', '0.00'),
(822, '2015', 'Windsor-Sarnia, Ontario', 'Utilities ', '2.90'),
(823, '2015', 'Windsor-Sarnia, Ontario', 'Construction ', '25.20'),
(824, '2015', 'Windsor-Sarnia, Ontario', 'Manufacturing ', '49.60'),
(825, '2015', 'Windsor-Sarnia, Ontario', 'Services-producing sector ', '211.80'),
(826, '2015', 'Windsor-Sarnia, Ontario', 'Trade ', '44.00'),
(827, '2015', 'Windsor-Sarnia, Ontario', 'Transportation and warehousing ', '17.10'),
(828, '2015', 'Windsor-Sarnia, Ontario', 'Finance, insurance, real estate and leasing ', '8.90'),
(829, '2015', 'Windsor-Sarnia, Ontario', 'Professional, scientific and technical services ', '13.00'),
(830, '2015', 'Windsor-Sarnia, Ontario', 'Business, building and other support services ', '11.30'),
(831, '2015', 'Windsor-Sarnia, Ontario', 'Educational services ', '19.80'),
(832, '2015', 'Windsor-Sarnia, Ontario', 'Health care and social assistance ', '39.90'),
(833, '2015', 'Windsor-Sarnia, Ontario', 'Information, culture and recreation ', '13.10'),
(834, '2015', 'Windsor-Sarnia, Ontario', 'Accommodation and food services ', '22.10'),
(835, '2015', 'Windsor-Sarnia, Ontario', 'Other services ', '11.50'),
(836, '2015', 'Windsor-Sarnia, Ontario', 'Public administration ', '11.10'),
(837, '2015', 'Stratford-Bruce Peninsula, Ontario', 'Total employed, all industries ', '152.70'),
(838, '2015', 'Stratford-Bruce Peninsula, Ontario', 'Goods-producing sector ', '56.40'),
(839, '2015', 'Stratford-Bruce Peninsula, Ontario', 'Agriculture ', '13.00'),
(840, '2015', 'Stratford-Bruce Peninsula, Ontario', 'Forestry, fishing, mining, quarrying, oil and gas ', '0.00'),
(841, '2015', 'Stratford-Bruce Peninsula, Ontario', 'Utilities ', '5.00'),
(842, '2015', 'Stratford-Bruce Peninsula, Ontario', 'Construction ', '14.10'),
(843, '2015', 'Stratford-Bruce Peninsula, Ontario', 'Manufacturing ', '23.40'),
(844, '2015', 'Stratford-Bruce Peninsula, Ontario', 'Services-producing sector ', '96.30'),
(845, '2015', 'Stratford-Bruce Peninsula, Ontario', 'Trade ', '24.90'),
(846, '2015', 'Stratford-Bruce Peninsula, Ontario', 'Transportation and warehousing ', '6.40'),
(847, '2015', 'Stratford-Bruce Peninsula, Ontario', 'Finance, insurance, real estate and leasing ', '4.70'),
(848, '2015', 'Stratford-Bruce Peninsula, Ontario', 'Professional, scientific and technical services ', '4.30'),
(849, '2015', 'Stratford-Bruce Peninsula, Ontario', 'Business, building and other support services ', '4.70'),
(850, '2015', 'Stratford-Bruce Peninsula, Ontario', 'Educational services ', '7.30'),
(851, '2015', 'Stratford-Bruce Peninsula, Ontario', 'Health care and social assistance ', '23.00'),
(852, '2015', 'Stratford-Bruce Peninsula, Ontario', 'Information, culture and recreation ', '4.80'),
(853, '2015', 'Stratford-Bruce Peninsula, Ontario', 'Accommodation and food services ', '7.10'),
(854, '2015', 'Stratford-Bruce Peninsula, Ontario', 'Other services ', '5.40'),
(855, '2015', 'Stratford-Bruce Peninsula, Ontario', 'Public administration ', '3.80'),
(856, '2015', 'Northeast, Ontario', 'Total employed, all industries ', '257.10'),
(857, '2015', 'Northeast, Ontario', 'Goods-producing sector ', '56.90'),
(858, '2015', 'Northeast, Ontario', 'Agriculture ', '2.30'),
(859, '2015', 'Northeast, Ontario', 'Forestry, fishing, mining, quarrying, oil and gas ', '14.40'),
(860, '2015', 'Northeast, Ontario', 'Utilities ', '2.90'),
(861, '2015', 'Northeast, Ontario', 'Construction ', '18.40'),
(862, '2015', 'Northeast, Ontario', 'Manufacturing ', '18.80'),
(863, '2015', 'Northeast, Ontario', 'Services-producing sector ', '200.20'),
(864, '2015', 'Northeast, Ontario', 'Trade ', '41.60'),
(865, '2015', 'Northeast, Ontario', 'Transportation and warehousing ', '14.60'),
(866, '2015', 'Northeast, Ontario', 'Finance, insurance, real estate and leasing ', '7.50'),
(867, '2015', 'Northeast, Ontario', 'Professional, scientific and technical services ', '11.50'),
(868, '2015', 'Northeast, Ontario', 'Business, building and other support services ', '10.30'),
(869, '2015', 'Northeast, Ontario', 'Educational services ', '19.70'),
(870, '2015', 'Northeast, Ontario', 'Health care and social assistance ', '42.60'),
(871, '2015', 'Northeast, Ontario', 'Information, culture and recreation ', '9.00'),
(872, '2015', 'Northeast, Ontario', 'Accommodation and food services ', '16.40'),
(873, '2015', 'Northeast, Ontario', 'Other services ', '8.80'),
(874, '2015', 'Northeast, Ontario', 'Public administration ', '18.20'),
(875, '2015', 'Northwest, Ontario', 'Total employed, all industries ', '98.80'),
(876, '2015', 'Northwest, Ontario', 'Goods-producing sector ', '17.70'),
(877, '2015', 'Northwest, Ontario', 'Agriculture ', '0.00'),
(878, '2015', 'Northwest, Ontario', 'Forestry, fishing, mining, quarrying, oil and gas ', '3.70'),
(879, '2015', 'Northwest, Ontario', 'Utilities ', '2.30'),
(880, '2015', 'Northwest, Ontario', 'Construction ', '7.20'),
(881, '2015', 'Northwest, Ontario', 'Manufacturing ', '4.30'),
(882, '2015', 'Northwest, Ontario', 'Services-producing sector ', '81.20'),
(883, '2015', 'Northwest, Ontario', 'Trade ', '14.50'),
(884, '2015', 'Northwest, Ontario', 'Transportation and warehousing ', '4.60'),
(885, '2015', 'Northwest, Ontario', 'Finance, insurance, real estate and leasing ', '4.40'),
(886, '2015', 'Northwest, Ontario', 'Professional, scientific and technical services ', '4.90'),
(887, '2015', 'Northwest, Ontario', 'Business, building and other support services ', '3.80'),
(888, '2015', 'Northwest, Ontario', 'Educational services ', '9.20'),
(889, '2015', 'Northwest, Ontario', 'Health care and social assistance ', '19.30'),
(890, '2015', 'Northwest, Ontario', 'Information, culture and recreation ', '3.60'),
(891, '2015', 'Northwest, Ontario', 'Accommodation and food services ', '7.00'),
(892, '2015', 'Northwest, Ontario', 'Other services ', '3.90'),
(893, '2015', 'Northwest, Ontario', 'Public administration ', '6.00'),
(894, '2015', 'Manitoba', 'Total employed, all industries ', '630.80'),
(895, '2015', 'Manitoba', 'Goods-producing sector ', '145.80'),
(896, '2015', 'Manitoba', 'Agriculture ', '22.10'),
(897, '2015', 'Manitoba', 'Forestry, fishing, mining, quarrying, oil and gas ', '6.50'),
(898, '2015', 'Manitoba', 'Utilities ', '7.60'),
(899, '2015', 'Manitoba', 'Construction ', '45.10'),
(900, '2015', 'Manitoba', 'Manufacturing ', '64.50'),
(901, '2015', 'Manitoba', 'Services-producing sector ', '485.00'),
(902, '2015', 'Manitoba', 'Trade ', '95.70'),
(903, '2015', 'Manitoba', 'Transportation and warehousing ', '38.60'),
(904, '2015', 'Manitoba', 'Finance, insurance, real estate and leasing ', '34.00'),
(905, '2015', 'Manitoba', 'Professional, scientific and technical services ', '23.30'),
(906, '2015', 'Manitoba', 'Business, building and other support services ', '15.80'),
(907, '2015', 'Manitoba', 'Educational services ', '53.80'),
(908, '2015', 'Manitoba', 'Health care and social assistance ', '100.50'),
(909, '2015', 'Manitoba', 'Information, culture and recreation ', '20.60'),
(910, '2015', 'Manitoba', 'Accommodation and food services ', '40.20'),
(911, '2015', 'Manitoba', 'Other services ', '29.30'),
(912, '2015', 'Manitoba', 'Public administration ', '33.30'),
(913, '2015', 'Southeast, Manitoba', 'Total employed, all industries ', '57.30'),
(914, '2015', 'Southeast, Manitoba', 'Goods-producing sector ', '19.40'),
(915, '2015', 'Southeast, Manitoba', 'Agriculture ', '5.10'),
(916, '2015', 'Southeast, Manitoba', 'Forestry, fishing, mining, quarrying, oil and gas ', '0.90'),
(917, '2015', 'Southeast, Manitoba', 'Utilities ', '1.30'),
(918, '2015', 'Southeast, Manitoba', 'Construction ', '7.10'),
(919, '2015', 'Southeast, Manitoba', 'Manufacturing ', '5.10'),
(920, '2015', 'Southeast, Manitoba', 'Services-producing sector ', '37.90'),
(921, '2015', 'Southeast, Manitoba', 'Trade ', '8.40'),
(922, '2015', 'Southeast, Manitoba', 'Transportation and warehousing ', '3.50'),
(923, '2015', 'Southeast, Manitoba', 'Finance, insurance, real estate and leasing ', '2.20'),
(924, '2015', 'Southeast, Manitoba', 'Professional, scientific and technical services ', '1.60'),
(925, '2015', 'Southeast, Manitoba', 'Business, building and other support services ', '1.50'),
(926, '2015', 'Southeast, Manitoba', 'Educational services ', '5.30'),
(927, '2015', 'Southeast, Manitoba', 'Health care and social assistance ', '6.20'),
(928, '2015', 'Southeast, Manitoba', 'Information, culture and recreation ', '1.40'),
(929, '2015', 'Southeast, Manitoba', 'Accommodation and food services ', '1.90'),
(930, '2015', 'Southeast, Manitoba', 'Other services ', '3.30'),
(931, '2015', 'Southeast, Manitoba', 'Public administration ', '2.70'),
(932, '2015', 'South Central and North Central, Manitoba', 'Total employed, all industries ', '57.40'),
(933, '2015', 'South Central and North Central, Manitoba', 'Goods-producing sector ', '20.00'),
(934, '2015', 'South Central and North Central, Manitoba', 'Agriculture ', '6.60'),
(935, '2015', 'South Central and North Central, Manitoba', 'Forestry, fishing, mining, quarrying, oil and gas ', '0.00'),
(936, '2015', 'South Central and North Central, Manitoba', 'Utilities ', '0.50'),
(937, '2015', 'South Central and North Central, Manitoba', 'Construction ', '4.00'),
(938, '2015', 'South Central and North Central, Manitoba', 'Manufacturing ', '8.80'),
(939, '2015', 'South Central and North Central, Manitoba', 'Services-producing sector ', '37.30'),
(940, '2015', 'South Central and North Central, Manitoba', 'Trade ', '9.30'),
(941, '2015', 'South Central and North Central, Manitoba', 'Transportation and warehousing ', '2.80'),
(942, '2015', 'South Central and North Central, Manitoba', 'Finance, insurance, real estate and leasing ', '2.00'),
(943, '2015', 'South Central and North Central, Manitoba', 'Professional, scientific and technical services ', '1.90'),
(944, '2015', 'South Central and North Central, Manitoba', 'Business, building and other support services ', '0.00'),
(945, '2015', 'South Central and North Central, Manitoba', 'Educational services ', '5.40'),
(946, '2015', 'South Central and North Central, Manitoba', 'Health care and social assistance ', '7.40'),
(947, '2015', 'South Central and North Central, Manitoba', 'Information, culture and recreation ', '1.00'),
(948, '2015', 'South Central and North Central, Manitoba', 'Accommodation and food services ', '2.30'),
(949, '2015', 'South Central and North Central, Manitoba', 'Other services ', '2.90'),
(950, '2015', 'South Central and North Central, Manitoba', 'Public administration ', '1.90'),
(951, '2015', 'Southwest, Manitoba', 'Total employed, all industries ', '57.50'),
(952, '2015', 'Southwest, Manitoba', 'Goods-producing sector ', '17.60'),
(953, '2015', 'Southwest, Manitoba', 'Agriculture ', '5.40'),
(954, '2015', 'Southwest, Manitoba', 'Forestry, fishing, mining, quarrying, oil and gas ', '1.40'),
(955, '2015', 'Southwest, Manitoba', 'Utilities ', '0.00'),
(956, '2015', 'Southwest, Manitoba', 'Construction ', '4.40'),
(957, '2015', 'Southwest, Manitoba', 'Manufacturing ', '6.10'),
(958, '2015', 'Southwest, Manitoba', 'Services-producing sector ', '39.90'),
(959, '2015', 'Southwest, Manitoba', 'Trade ', '9.60'),
(960, '2015', 'Southwest, Manitoba', 'Transportation and warehousing ', '2.00'),
(961, '2015', 'Southwest, Manitoba', 'Finance, insurance, real estate and leasing ', '2.00'),
(962, '2015', 'Southwest, Manitoba', 'Professional, scientific and technical services ', '1.10'),
(963, '2015', 'Southwest, Manitoba', 'Business, building and other support services ', '0.90'),
(964, '2015', 'Southwest, Manitoba', 'Educational services ', '5.30'),
(965, '2015', 'Southwest, Manitoba', 'Health care and social assistance ', '9.70'),
(966, '2015', 'Southwest, Manitoba', 'Information, culture and recreation ', '1.80'),
(967, '2015', 'Southwest, Manitoba', 'Accommodation and food services ', '3.60'),
(968, '2015', 'Southwest, Manitoba', 'Other services ', '1.70'),
(969, '2015', 'Southwest, Manitoba', 'Public administration ', '2.20'),
(970, '2015', 'Winnipeg, Manitoba', 'Total employed, all industries ', '377.10'),
(971, '2015', 'Winnipeg, Manitoba', 'Goods-producing sector ', '65.90'),
(972, '2015', 'Winnipeg, Manitoba', 'Agriculture ', '0.70'),
(973, '2015', 'Winnipeg, Manitoba', 'Forestry, fishing, mining, quarrying, oil and gas ', '0.00'),
(974, '2015', 'Winnipeg, Manitoba', 'Utilities ', '3.40'),
(975, '2015', 'Winnipeg, Manitoba', 'Construction ', '21.60'),
(976, '2015', 'Winnipeg, Manitoba', 'Manufacturing ', '39.90'),
(977, '2015', 'Winnipeg, Manitoba', 'Services-producing sector ', '311.20'),
(978, '2015', 'Winnipeg, Manitoba', 'Trade ', '56.70'),
(979, '2015', 'Winnipeg, Manitoba', 'Transportation and warehousing ', '24.50'),
(980, '2015', 'Winnipeg, Manitoba', 'Finance, insurance, real estate and leasing ', '24.60'),
(981, '2015', 'Winnipeg, Manitoba', 'Professional, scientific and technical services ', '17.10'),
(982, '2015', 'Winnipeg, Manitoba', 'Business, building and other support services ', '11.50'),
(983, '2015', 'Winnipeg, Manitoba', 'Educational services ', '31.30'),
(984, '2015', 'Winnipeg, Manitoba', 'Health care and social assistance ', '63.40'),
(985, '2015', 'Winnipeg, Manitoba', 'Information, culture and recreation ', '15.10'),
(986, '2015', 'Winnipeg, Manitoba', 'Accommodation and food services ', '27.40'),
(987, '2015', 'Winnipeg, Manitoba', 'Other services ', '18.50'),
(988, '2015', 'Winnipeg, Manitoba', 'Public administration ', '21.20'),
(989, '2015', 'Interlake, Manitoba', 'Total employed, all industries ', '46.40'),
(990, '2015', 'Interlake, Manitoba', 'Goods-producing sector ', '12.30'),
(991, '2015', 'Interlake, Manitoba', 'Agriculture ', '1.60'),
(992, '2015', 'Interlake, Manitoba', 'Forestry, fishing, mining, quarrying, oil and gas ', '0.00'),
(993, '2015', 'Interlake, Manitoba', 'Utilities ', '1.20'),
(994, '2015', 'Interlake, Manitoba', 'Construction ', '5.60'),
(995, '2015', 'Interlake, Manitoba', 'Manufacturing ', '3.80'),
(996, '2015', 'Interlake, Manitoba', 'Services-producing sector ', '34.20'),
(997, '2015', 'Interlake, Manitoba', 'Trade ', '6.30'),
(998, '2015', 'Interlake, Manitoba', 'Transportation and warehousing ', '3.60'),
(999, '2015', 'Interlake, Manitoba', 'Finance, insurance, real estate and leasing ', '2.10'),
(1000, '2015', 'Interlake, Manitoba', 'Professional, scientific and technical services ', '1.20'),
(1001, '2015', 'Interlake, Manitoba', 'Business, building and other support services ', '1.10'),
(1002, '2015', 'Interlake, Manitoba', 'Educational services ', '3.50'),
(1003, '2015', 'Interlake, Manitoba', 'Health care and social assistance ', '8.00'),
(1004, '2015', 'Interlake, Manitoba', 'Information, culture and recreation ', '0.80'),
(1005, '2015', 'Interlake, Manitoba', 'Accommodation and food services ', '2.30'),
(1006, '2015', 'Interlake, Manitoba', 'Other services ', '1.90'),
(1007, '2015', 'Interlake, Manitoba', 'Public administration ', '3.30'),
(1008, '2015', 'Parklands and Northern, Manitoba', 'Total employed, all industries ', '35.10'),
(1009, '2015', 'Parklands and Northern, Manitoba', 'Goods-producing sector ', '10.60'),
(1010, '2015', 'Parklands and Northern, Manitoba', 'Agriculture ', '2.80'),
(1011, '2015', 'Parklands and Northern, Manitoba', 'Forestry, fishing, mining, quarrying, oil and gas ', '3.60'),
(1012, '2015', 'Parklands and Northern, Manitoba', 'Utilities ', '0.90'),
(1013, '2015', 'Parklands and Northern, Manitoba', 'Construction ', '2.40'),
(1014, '2015', 'Parklands and Northern, Manitoba', 'Manufacturing ', '0.80'),
(1015, '2015', 'Parklands and Northern, Manitoba', 'Services-producing sector ', '24.50'),
(1016, '2015', 'Parklands and Northern, Manitoba', 'Trade ', '5.50'),
(1017, '2015', 'Parklands and Northern, Manitoba', 'Transportation and warehousing ', '2.20'),
(1018, '2015', 'Parklands and Northern, Manitoba', 'Finance, insurance, real estate and leasing ', '1.10'),
(1019, '2015', 'Parklands and Northern, Manitoba', 'Professional, scientific and technical services ', '0.00'),
(1020, '2015', 'Parklands and Northern, Manitoba', 'Business, building and other support services ', '0.00'),
(1021, '2015', 'Parklands and Northern, Manitoba', 'Educational services ', '3.00'),
(1022, '2015', 'Parklands and Northern, Manitoba', 'Health care and social assistance ', '5.70'),
(1023, '2015', 'Parklands and Northern, Manitoba', 'Information, culture and recreation ', '0.50'),
(1024, '2015', 'Parklands and Northern, Manitoba', 'Accommodation and food services ', '2.70'),
(1025, '2015', 'Parklands and Northern, Manitoba', 'Other services ', '1.00'),
(1026, '2015', 'Parklands and Northern, Manitoba', 'Public administration ', '2.00'),
(1027, '2015', 'Saskatchewan', 'Total employed, all industries ', '566.80'),
(1028, '2015', 'Saskatchewan', 'Goods-producing sector ', '158.10'),
(1029, '2015', 'Saskatchewan', 'Agriculture ', '40.70'),
(1030, '2015', 'Saskatchewan', 'Forestry, fishing, mining, quarrying, oil and gas ', '28.80'),
(1031, '2015', 'Saskatchewan', 'Utilities ', '6.30'),
(1032, '2015', 'Saskatchewan', 'Construction ', '55.50'),
(1033, '2015', 'Saskatchewan', 'Manufacturing ', '26.80'),
(1034, '2015', 'Saskatchewan', 'Services-producing sector ', '408.70'),
(1035, '2015', 'Saskatchewan', 'Trade ', '83.70'),
(1036, '2015', 'Saskatchewan', 'Transportation and warehousing ', '28.50'),
(1037, '2015', 'Saskatchewan', 'Finance, insurance, real estate and leasing ', '30.80'),
(1038, '2015', 'Saskatchewan', 'Professional, scientific and technical services ', '25.30'),
(1039, '2015', 'Saskatchewan', 'Business, building and other support services ', '13.60'),
(1040, '2015', 'Saskatchewan', 'Educational services ', '46.60'),
(1041, '2015', 'Saskatchewan', 'Health care and social assistance ', '73.70'),
(1042, '2015', 'Saskatchewan', 'Information, culture and recreation ', '15.90'),
(1043, '2015', 'Saskatchewan', 'Accommodation and food services ', '36.10'),
(1044, '2015', 'Saskatchewan', 'Other services ', '24.70'),
(1045, '2015', 'Saskatchewan', 'Public administration ', '29.80'),
(1046, '2015', 'Regina-Moose Mountain, Saskatchewan', 'Total employed, all industries ', '181.20'),
(1047, '2015', 'Regina-Moose Mountain, Saskatchewan', 'Goods-producing sector ', '46.50'),
(1048, '2015', 'Regina-Moose Mountain, Saskatchewan', 'Agriculture ', '8.30'),
(1049, '2015', 'Regina-Moose Mountain, Saskatchewan', 'Forestry, fishing, mining, quarrying, oil and gas ', '7.70'),
(1050, '2015', 'Regina-Moose Mountain, Saskatchewan', 'Utilities ', '4.10'),
(1051, '2015', 'Regina-Moose Mountain, Saskatchewan', 'Construction ', '19.10'),
(1052, '2015', 'Regina-Moose Mountain, Saskatchewan', 'Manufacturing ', '7.40'),
(1053, '2015', 'Regina-Moose Mountain, Saskatchewan', 'Services-producing sector ', '134.70'),
(1054, '2015', 'Regina-Moose Mountain, Saskatchewan', 'Trade ', '26.00'),
(1055, '2015', 'Regina-Moose Mountain, Saskatchewan', 'Transportation and warehousing ', '7.70'),
(1056, '2015', 'Regina-Moose Mountain, Saskatchewan', 'Finance, insurance, real estate and leasing ', '12.60'),
(1057, '2015', 'Regina-Moose Mountain, Saskatchewan', 'Professional, scientific and technical services ', '9.20'),
(1058, '2015', 'Regina-Moose Mountain, Saskatchewan', 'Business, building and other support services ', '5.00'),
(1059, '2015', 'Regina-Moose Mountain, Saskatchewan', 'Educational services ', '12.30'),
(1060, '2015', 'Regina-Moose Mountain, Saskatchewan', 'Health care and social assistance ', '22.70'),
(1061, '2015', 'Regina-Moose Mountain, Saskatchewan', 'Information, culture and recreation ', '7.50'),
(1062, '2015', 'Regina-Moose Mountain, Saskatchewan', 'Accommodation and food services ', '10.20'),
(1063, '2015', 'Regina-Moose Mountain, Saskatchewan', 'Other services ', '8.30'),
(1064, '2015', 'Regina-Moose Mountain, Saskatchewan', 'Public administration ', '13.20'),
(1065, '2015', 'Swift Current-Moose Jaw, Saskatchewan', 'Total employed, all industries ', '53.00'),
(1066, '2015', 'Swift Current-Moose Jaw, Saskatchewan', 'Goods-producing sector ', '19.20'),
(1067, '2015', 'Swift Current-Moose Jaw, Saskatchewan', 'Agriculture ', '10.50'),
(1068, '2015', 'Swift Current-Moose Jaw, Saskatchewan', 'Forestry, fishing, mining, quarrying, oil and gas ', '1.80'),
(1069, '2015', 'Swift Current-Moose Jaw, Saskatchewan', 'Utilities ', '0.00'),
(1070, '2015', 'Swift Current-Moose Jaw, Saskatchewan', 'Construction ', '4.40'),
(1071, '2015', 'Swift Current-Moose Jaw, Saskatchewan', 'Manufacturing ', '2.00'),
(1072, '2015', 'Swift Current-Moose Jaw, Saskatchewan', 'Services-producing sector ', '33.80'),
(1073, '2015', 'Swift Current-Moose Jaw, Saskatchewan', 'Trade ', '7.00'),
(1074, '2015', 'Swift Current-Moose Jaw, Saskatchewan', 'Transportation and warehousing ', '2.20'),
(1075, '2015', 'Swift Current-Moose Jaw, Saskatchewan', 'Finance, insurance, real estate and leasing ', '2.20'),
(1076, '2015', 'Swift Current-Moose Jaw, Saskatchewan', 'Professional, scientific and technical services ', '1.60'),
(1077, '2015', 'Swift Current-Moose Jaw, Saskatchewan', 'Business, building and other support services ', '1.30'),
(1078, '2015', 'Swift Current-Moose Jaw, Saskatchewan', 'Educational services ', '5.20'),
(1079, '2015', 'Swift Current-Moose Jaw, Saskatchewan', 'Health care and social assistance ', '5.60'),
(1080, '2015', 'Swift Current-Moose Jaw, Saskatchewan', 'Information, culture and recreation ', '0.80'),
(1081, '2015', 'Swift Current-Moose Jaw, Saskatchewan', 'Accommodation and food services ', '3.50'),
(1082, '2015', 'Swift Current-Moose Jaw, Saskatchewan', 'Other services ', '3.00'),
(1083, '2015', 'Swift Current-Moose Jaw, Saskatchewan', 'Public administration ', '1.50'),
(1084, '2015', 'Saskatoon-Biggar, Saskatchewan', 'Total employed, all industries ', '196.90'),
(1085, '2015', 'Saskatoon-Biggar, Saskatchewan', 'Goods-producing sector ', '50.90'),
(1086, '2015', 'Saskatoon-Biggar, Saskatchewan', 'Agriculture ', '7.90'),
(1087, '2015', 'Saskatoon-Biggar, Saskatchewan', 'Forestry, fishing, mining, quarrying, oil and gas ', '9.70'),
(1088, '2015', 'Saskatoon-Biggar, Saskatchewan', 'Utilities ', '1.20'),
(1089, '2015', 'Saskatoon-Biggar, Saskatchewan', 'Construction ', '20.90'),
(1090, '2015', 'Saskatoon-Biggar, Saskatchewan', 'Manufacturing ', '11.20'),
(1091, '2015', 'Saskatoon-Biggar, Saskatchewan', 'Services-producing sector ', '146.00'),
(1092, '2015', 'Saskatoon-Biggar, Saskatchewan', 'Trade ', '30.40'),
(1093, '2015', 'Saskatoon-Biggar, Saskatchewan', 'Transportation and warehousing ', '12.00'),
(1094, '2015', 'Saskatoon-Biggar, Saskatchewan', 'Finance, insurance, real estate and leasing ', '10.10'),
(1095, '2015', 'Saskatoon-Biggar, Saskatchewan', 'Professional, scientific and technical services ', '10.50'),
(1096, '2015', 'Saskatoon-Biggar, Saskatchewan', 'Business, building and other support services ', '4.00'),
(1097, '2015', 'Saskatoon-Biggar, Saskatchewan', 'Educational services ', '18.60'),
(1098, '2015', 'Saskatoon-Biggar, Saskatchewan', 'Health care and social assistance ', '24.90'),
(1099, '2015', 'Saskatoon-Biggar, Saskatchewan', 'Information, culture and recreation ', '3.80'),
(1100, '2015', 'Saskatoon-Biggar, Saskatchewan', 'Accommodation and food services ', '14.90'),
(1101, '2015', 'Saskatoon-Biggar, Saskatchewan', 'Other services ', '7.70'),
(1102, '2015', 'Saskatoon-Biggar, Saskatchewan', 'Public administration ', '9.10'),
(1103, '2015', 'Yorkton-Melville, Saskatchewan', 'Total employed, all industries ', '38.70'),
(1104, '2015', 'Yorkton-Melville, Saskatchewan', 'Goods-producing sector ', '12.70'),
(1105, '2015', 'Yorkton-Melville, Saskatchewan', 'Agriculture ', '4.40'),
(1106, '2015', 'Yorkton-Melville, Saskatchewan', 'Forestry, fishing, mining, quarrying, oil and gas ', '2.20'),
(1107, '2015', 'Yorkton-Melville, Saskatchewan', 'Utilities ', '0.00'),
(1108, '2015', 'Yorkton-Melville, Saskatchewan', 'Construction ', '4.00'),
(1109, '2015', 'Yorkton-Melville, Saskatchewan', 'Manufacturing ', '1.80'),
(1110, '2015', 'Yorkton-Melville, Saskatchewan', 'Services-producing sector ', '26.00'),
(1111, '2015', 'Yorkton-Melville, Saskatchewan', 'Trade ', '5.80'),
(1112, '2015', 'Yorkton-Melville, Saskatchewan', 'Transportation and warehousing ', '1.80'),
(1113, '2015', 'Yorkton-Melville, Saskatchewan', 'Finance, insurance, real estate and leasing ', '2.30'),
(1114, '2015', 'Yorkton-Melville, Saskatchewan', 'Professional, scientific and technical services ', '0.80'),
(1115, '2015', 'Yorkton-Melville, Saskatchewan', 'Business, building and other support services ', '0.90'),
(1116, '2015', 'Yorkton-Melville, Saskatchewan', 'Educational services ', '2.90'),
(1117, '2015', 'Yorkton-Melville, Saskatchewan', 'Health care and social assistance ', '5.30'),
(1118, '2015', 'Yorkton-Melville, Saskatchewan', 'Information, culture and recreation ', '1.30'),
(1119, '2015', 'Yorkton-Melville, Saskatchewan', 'Accommodation and food services ', '2.40'),
(1120, '2015', 'Yorkton-Melville, Saskatchewan', 'Other services ', '1.40'),
(1121, '2015', 'Yorkton-Melville, Saskatchewan', 'Public administration ', '1.00'),
(1122, '2015', 'Prince Albert and Northern, Saskatchewan', 'Total employed, all industries ', '97.10'),
(1123, '2015', 'Prince Albert and Northern, Saskatchewan', 'Goods-producing sector ', '28.80'),
(1124, '2015', 'Prince Albert and Northern, Saskatchewan', 'Agriculture ', '9.60'),
(1125, '2015', 'Prince Albert and Northern, Saskatchewan', 'Forestry, fishing, mining, quarrying, oil and gas ', '7.40'),
(1126, '2015', 'Prince Albert and Northern, Saskatchewan', 'Utilities ', '0.50'),
(1127, '2015', 'Prince Albert and Northern, Saskatchewan', 'Construction ', '7.00'),
(1128, '2015', 'Prince Albert and Northern, Saskatchewan', 'Manufacturing ', '4.40'),
(1129, '2015', 'Prince Albert and Northern, Saskatchewan', 'Services-producing sector ', '68.30'),
(1130, '2015', 'Prince Albert and Northern, Saskatchewan', 'Trade ', '14.30'),
(1131, '2015', 'Prince Albert and Northern, Saskatchewan', 'Transportation and warehousing ', '4.80'),
(1132, '2015', 'Prince Albert and Northern, Saskatchewan', 'Finance, insurance, real estate and leasing ', '3.60'),
(1133, '2015', 'Prince Albert and Northern, Saskatchewan', 'Professional, scientific and technical services ', '3.20'),
(1134, '2015', 'Prince Albert and Northern, Saskatchewan', 'Business, building and other support services ', '2.50'),
(1135, '2015', 'Prince Albert and Northern, Saskatchewan', 'Educational services ', '7.60'),
(1136, '2015', 'Prince Albert and Northern, Saskatchewan', 'Health care and social assistance ', '15.20'),
(1137, '2015', 'Prince Albert and Northern, Saskatchewan', 'Information, culture and recreation ', '2.40'),
(1138, '2015', 'Prince Albert and Northern, Saskatchewan', 'Accommodation and food services ', '5.20'),
(1139, '2015', 'Prince Albert and Northern, Saskatchewan', 'Other services ', '4.40'),
(1140, '2015', 'Prince Albert and Northern, Saskatchewan', 'Public administration ', '5.00'),
(1141, '2015', 'Alberta', 'Total employed, all industries ', '2291.60'),
(1142, '2015', 'Alberta', 'Goods-producing sector ', '656.40'),
(1143, '2015', 'Alberta', 'Agriculture ', '61.90'),
(1144, '2015', 'Alberta', 'Forestry, fishing, mining, quarrying, oil and gas ', '172.20'),
(1145, '2015', 'Alberta', 'Utilities ', '19.00'),
(1146, '2015', 'Alberta', 'Construction ', '255.50'),
(1147, '2015', 'Alberta', 'Manufacturing ', '147.70'),
(1148, '2015', 'Alberta', 'Services-producing sector ', '1635.30'),
(1149, '2015', 'Alberta', 'Trade ', '314.40'),
(1150, '2015', 'Alberta', 'Transportation and warehousing ', '144.80'),
(1151, '2015', 'Alberta', 'Finance, insurance, real estate and leasing ', '103.20'),
(1152, '2015', 'Alberta', 'Professional, scientific and technical services ', '175.90'),
(1153, '2015', 'Alberta', 'Business, building and other support services ', '78.50'),
(1154, '2015', 'Alberta', 'Educational services ', '135.10'),
(1155, '2015', 'Alberta', 'Health care and social assistance ', '254.50'),
(1156, '2015', 'Alberta', 'Information, culture and recreation ', '68.80'),
(1157, '2015', 'Alberta', 'Accommodation and food services ', '156.20'),
(1158, '2015', 'Alberta', 'Other services ', '121.20'),
(1159, '2015', 'Alberta', 'Public administration ', '82.70'),
(1160, '2015', 'Lethbridge-Medicine Hat, Alberta', 'Total employed, all industries ', '144.30'),
(1161, '2015', 'Lethbridge-Medicine Hat, Alberta', 'Goods-producing sector ', '51.00'),
(1162, '2015', 'Lethbridge-Medicine Hat, Alberta', 'Agriculture ', '24.20'),
(1163, '2015', 'Lethbridge-Medicine Hat, Alberta', 'Forestry, fishing, mining, quarrying, oil and gas ', '6.60'),
(1164, '2015', 'Lethbridge-Medicine Hat, Alberta', 'Utilities ', '0.00'),
(1165, '2015', 'Lethbridge-Medicine Hat, Alberta', 'Construction ', '10.50'),
(1166, '2015', 'Lethbridge-Medicine Hat, Alberta', 'Manufacturing ', '8.70'),
(1167, '2015', 'Lethbridge-Medicine Hat, Alberta', 'Services-producing sector ', '93.30'),
(1168, '2015', 'Lethbridge-Medicine Hat, Alberta', 'Trade ', '16.70'),
(1169, '2015', 'Lethbridge-Medicine Hat, Alberta', 'Transportation and warehousing ', '7.60'),
(1170, '2015', 'Lethbridge-Medicine Hat, Alberta', 'Finance, insurance, real estate and leasing ', '5.60'),
(1171, '2015', 'Lethbridge-Medicine Hat, Alberta', 'Professional, scientific and technical services ', '5.70'),
(1172, '2015', 'Lethbridge-Medicine Hat, Alberta', 'Business, building and other support services ', '5.20'),
(1173, '2015', 'Lethbridge-Medicine Hat, Alberta', 'Educational services ', '7.50'),
(1174, '2015', 'Lethbridge-Medicine Hat, Alberta', 'Health care and social assistance ', '15.10'),
(1175, '2015', 'Lethbridge-Medicine Hat, Alberta', 'Information, culture and recreation ', '4.40'),
(1176, '2015', 'Lethbridge-Medicine Hat, Alberta', 'Accommodation and food services ', '12.50'),
(1177, '2015', 'Lethbridge-Medicine Hat, Alberta', 'Other services ', '7.10'),
(1178, '2015', 'Lethbridge-Medicine Hat, Alberta', 'Public administration ', '6.00'),
(1179, '2015', 'Camrose-Drumheller, Alberta', 'Total employed, all industries ', '106.30'),
(1180, '2015', 'Camrose-Drumheller, Alberta', 'Goods-producing sector ', '41.30'),
(1181, '2015', 'Camrose-Drumheller, Alberta', 'Agriculture ', '11.80'),
(1182, '2015', 'Camrose-Drumheller, Alberta', 'Forestry, fishing, mining, quarrying, oil and gas ', '11.80'),
(1183, '2015', 'Camrose-Drumheller, Alberta', 'Utilities ', '0.00'),
(1184, '2015', 'Camrose-Drumheller, Alberta', 'Construction ', '11.00'),
(1185, '2015', 'Camrose-Drumheller, Alberta', 'Manufacturing ', '5.80'),
(1186, '2015', 'Camrose-Drumheller, Alberta', 'Services-producing sector ', '65.00'),
(1187, '2015', 'Camrose-Drumheller, Alberta', 'Trade ', '13.50'),
(1188, '2015', 'Camrose-Drumheller, Alberta', 'Transportation and warehousing ', '5.60'),
(1189, '2015', 'Camrose-Drumheller, Alberta', 'Finance, insurance, real estate and leasing ', '4.50'),
(1190, '2015', 'Camrose-Drumheller, Alberta', 'Professional, scientific and technical services ', '2.90'),
(1191, '2015', 'Camrose-Drumheller, Alberta', 'Business, building and other support services ', '2.00'),
(1192, '2015', 'Camrose-Drumheller, Alberta', 'Educational services ', '5.50'),
(1193, '2015', 'Camrose-Drumheller, Alberta', 'Health care and social assistance ', '11.50'),
(1194, '2015', 'Camrose-Drumheller, Alberta', 'Information, culture and recreation ', '0.00'),
(1195, '2015', 'Camrose-Drumheller, Alberta', 'Accommodation and food services ', '6.10'),
(1196, '2015', 'Camrose-Drumheller, Alberta', 'Other services ', '7.20'),
(1197, '2015', 'Camrose-Drumheller, Alberta', 'Public administration ', '4.90'),
(1198, '2015', 'Calgary, Alberta', 'Total employed, all industries ', '871.10'),
(1199, '2015', 'Calgary, Alberta', 'Goods-producing sector ', '215.40'),
(1200, '2015', 'Calgary, Alberta', 'Agriculture ', '7.00'),
(1201, '2015', 'Calgary, Alberta', 'Forestry, fishing, mining, quarrying, oil and gas ', '62.80'),
(1202, '2015', 'Calgary, Alberta', 'Utilities ', '6.60'),
(1203, '2015', 'Calgary, Alberta', 'Construction ', '89.10'),
(1204, '2015', 'Calgary, Alberta', 'Manufacturing ', '49.90'),
(1205, '2015', 'Calgary, Alberta', 'Services-producing sector ', '655.60'),
(1206, '2015', 'Calgary, Alberta', 'Trade ', '115.80'),
(1207, '2015', 'Calgary, Alberta', 'Transportation and warehousing ', '62.60'),
(1208, '2015', 'Calgary, Alberta', 'Finance, insurance, real estate and leasing ', '43.10'),
(1209, '2015', 'Calgary, Alberta', 'Professional, scientific and technical services ', '96.30'),
(1210, '2015', 'Calgary, Alberta', 'Business, building and other support services ', '36.50'),
(1211, '2015', 'Calgary, Alberta', 'Educational services ', '50.50'),
(1212, '2015', 'Calgary, Alberta', 'Health care and social assistance ', '96.50'),
(1213, '2015', 'Calgary, Alberta', 'Information, culture and recreation ', '36.10'),
(1214, '2015', 'Calgary, Alberta', 'Accommodation and food services ', '51.90'),
(1215, '2015', 'Calgary, Alberta', 'Other services ', '37.80'),
(1216, '2015', 'Calgary, Alberta', 'Public administration ', '28.70'),
(1217, '2015', 'Banff-Jasper-Rocky Mountain House and Athabasca-Gr', 'Total employed, all industries ', '199.20'),
(1218, '2015', 'Banff-Jasper-Rocky Mountain House and Athabasca-Gr', 'Goods-producing sector ', '73.30'),
(1219, '2015', 'Banff-Jasper-Rocky Mountain House and Athabasca-Gr', 'Agriculture ', '6.30'),
(1220, '2015', 'Banff-Jasper-Rocky Mountain House and Athabasca-Gr', 'Forestry, fishing, mining, quarrying, oil and gas ', '28.20'),
(1221, '2015', 'Banff-Jasper-Rocky Mountain House and Athabasca-Gr', 'Utilities ', '1.70'),
(1222, '2015', 'Banff-Jasper-Rocky Mountain House and Athabasca-Gr', 'Construction ', '26.80'),
(1223, '2015', 'Banff-Jasper-Rocky Mountain House and Athabasca-Gr', 'Manufacturing ', '10.40');
INSERT INTO `totallabourer` (`id`, `date`, `city`, `industry`, `value`) VALUES
(1224, '2015', 'Banff-Jasper-Rocky Mountain House and Athabasca-Gr', 'Services-producing sector ', '125.90'),
(1225, '2015', 'Banff-Jasper-Rocky Mountain House and Athabasca-Gr', 'Trade ', '29.30'),
(1226, '2015', 'Banff-Jasper-Rocky Mountain House and Athabasca-Gr', 'Transportation and warehousing ', '13.60'),
(1227, '2015', 'Banff-Jasper-Rocky Mountain House and Athabasca-Gr', 'Finance, insurance, real estate and leasing ', '7.50'),
(1228, '2015', 'Banff-Jasper-Rocky Mountain House and Athabasca-Gr', 'Professional, scientific and technical services ', '7.30'),
(1229, '2015', 'Banff-Jasper-Rocky Mountain House and Athabasca-Gr', 'Business, building and other support services ', '4.10'),
(1230, '2015', 'Banff-Jasper-Rocky Mountain House and Athabasca-Gr', 'Educational services ', '11.00'),
(1231, '2015', 'Banff-Jasper-Rocky Mountain House and Athabasca-Gr', 'Health care and social assistance ', '18.50'),
(1232, '2015', 'Banff-Jasper-Rocky Mountain House and Athabasca-Gr', 'Information, culture and recreation ', '4.30'),
(1233, '2015', 'Banff-Jasper-Rocky Mountain House and Athabasca-Gr', 'Accommodation and food services ', '15.90'),
(1234, '2015', 'Banff-Jasper-Rocky Mountain House and Athabasca-Gr', 'Other services ', '10.00'),
(1235, '2015', 'Banff-Jasper-Rocky Mountain House and Athabasca-Gr', 'Public administration ', '4.30'),
(1236, '2015', 'Red Deer, Alberta', 'Total employed, all industries ', '120.70'),
(1237, '2015', 'Red Deer, Alberta', 'Goods-producing sector ', '40.90'),
(1238, '2015', 'Red Deer, Alberta', 'Agriculture ', '5.50'),
(1239, '2015', 'Red Deer, Alberta', 'Forestry, fishing, mining, quarrying, oil and gas ', '9.10'),
(1240, '2015', 'Red Deer, Alberta', 'Utilities ', '0.00'),
(1241, '2015', 'Red Deer, Alberta', 'Construction ', '17.10'),
(1242, '2015', 'Red Deer, Alberta', 'Manufacturing ', '8.90'),
(1243, '2015', 'Red Deer, Alberta', 'Services-producing sector ', '79.80'),
(1244, '2015', 'Red Deer, Alberta', 'Trade ', '17.60'),
(1245, '2015', 'Red Deer, Alberta', 'Transportation and warehousing ', '3.80'),
(1246, '2015', 'Red Deer, Alberta', 'Finance, insurance, real estate and leasing ', '4.00'),
(1247, '2015', 'Red Deer, Alberta', 'Professional, scientific and technical services ', '7.70'),
(1248, '2015', 'Red Deer, Alberta', 'Business, building and other support services ', '1.70'),
(1249, '2015', 'Red Deer, Alberta', 'Educational services ', '5.70'),
(1250, '2015', 'Red Deer, Alberta', 'Health care and social assistance ', '17.90'),
(1251, '2015', 'Red Deer, Alberta', 'Information, culture and recreation ', '1.50'),
(1252, '2015', 'Red Deer, Alberta', 'Accommodation and food services ', '9.30'),
(1253, '2015', 'Red Deer, Alberta', 'Other services ', '8.10'),
(1254, '2015', 'Red Deer, Alberta', 'Public administration ', '2.40'),
(1255, '2015', 'Edmonton, Alberta', 'Total employed, all industries ', '765.30'),
(1256, '2015', 'Edmonton, Alberta', 'Goods-producing sector ', '200.30'),
(1257, '2015', 'Edmonton, Alberta', 'Agriculture ', '5.80'),
(1258, '2015', 'Edmonton, Alberta', 'Forestry, fishing, mining, quarrying, oil and gas ', '31.50'),
(1259, '2015', 'Edmonton, Alberta', 'Utilities ', '8.20'),
(1260, '2015', 'Edmonton, Alberta', 'Construction ', '91.80'),
(1261, '2015', 'Edmonton, Alberta', 'Manufacturing ', '63.00'),
(1262, '2015', 'Edmonton, Alberta', 'Services-producing sector ', '565.00'),
(1263, '2015', 'Edmonton, Alberta', 'Trade ', '109.70'),
(1264, '2015', 'Edmonton, Alberta', 'Transportation and warehousing ', '47.80'),
(1265, '2015', 'Edmonton, Alberta', 'Finance, insurance, real estate and leasing ', '36.00'),
(1266, '2015', 'Edmonton, Alberta', 'Professional, scientific and technical services ', '52.80'),
(1267, '2015', 'Edmonton, Alberta', 'Business, building and other support services ', '25.20'),
(1268, '2015', 'Edmonton, Alberta', 'Educational services ', '50.20'),
(1269, '2015', 'Edmonton, Alberta', 'Health care and social assistance ', '88.30'),
(1270, '2015', 'Edmonton, Alberta', 'Information, culture and recreation ', '19.90'),
(1271, '2015', 'Edmonton, Alberta', 'Accommodation and food services ', '55.70'),
(1272, '2015', 'Edmonton, Alberta', 'Other services ', '46.40'),
(1273, '2015', 'Edmonton, Alberta', 'Public administration ', '33.20'),
(1274, '2015', 'Wood Buffalo-Cold Lake, Alberta', 'Total employed, all industries ', '84.80'),
(1275, '2015', 'Wood Buffalo-Cold Lake, Alberta', 'Goods-producing sector ', '34.20'),
(1276, '2015', 'Wood Buffalo-Cold Lake, Alberta', 'Agriculture ', '0.00'),
(1277, '2015', 'Wood Buffalo-Cold Lake, Alberta', 'Forestry, fishing, mining, quarrying, oil and gas ', '22.30'),
(1278, '2015', 'Wood Buffalo-Cold Lake, Alberta', 'Utilities ', '0.00'),
(1279, '2015', 'Wood Buffalo-Cold Lake, Alberta', 'Construction ', '9.30'),
(1280, '2015', 'Wood Buffalo-Cold Lake, Alberta', 'Manufacturing ', '0.00'),
(1281, '2015', 'Wood Buffalo-Cold Lake, Alberta', 'Services-producing sector ', '50.70'),
(1282, '2015', 'Wood Buffalo-Cold Lake, Alberta', 'Trade ', '11.80'),
(1283, '2015', 'Wood Buffalo-Cold Lake, Alberta', 'Transportation and warehousing ', '3.90'),
(1284, '2015', 'Wood Buffalo-Cold Lake, Alberta', 'Finance, insurance, real estate and leasing ', '2.50'),
(1285, '2015', 'Wood Buffalo-Cold Lake, Alberta', 'Professional, scientific and technical services ', '3.20'),
(1286, '2015', 'Wood Buffalo-Cold Lake, Alberta', 'Business, building and other support services ', '3.80'),
(1287, '2015', 'Wood Buffalo-Cold Lake, Alberta', 'Educational services ', '4.70'),
(1288, '2015', 'Wood Buffalo-Cold Lake, Alberta', 'Health care and social assistance ', '6.70'),
(1289, '2015', 'Wood Buffalo-Cold Lake, Alberta', 'Information, culture and recreation ', '0.00'),
(1290, '2015', 'Wood Buffalo-Cold Lake, Alberta', 'Accommodation and food services ', '4.80'),
(1291, '2015', 'Wood Buffalo-Cold Lake, Alberta', 'Other services ', '4.70'),
(1292, '2015', 'Wood Buffalo-Cold Lake, Alberta', 'Public administration ', '3.30'),
(1293, '2015', 'British Columbia', 'Total employed, all industries ', '2271.60'),
(1294, '2015', 'British Columbia', 'Goods-producing sector ', '444.30'),
(1295, '2015', 'British Columbia', 'Agriculture ', '20.10'),
(1296, '2015', 'British Columbia', 'Forestry, fishing, mining, quarrying, oil and gas ', '50.90'),
(1297, '2015', 'British Columbia', 'Utilities ', '14.90'),
(1298, '2015', 'British Columbia', 'Construction ', '194.50'),
(1299, '2015', 'British Columbia', 'Manufacturing ', '163.90'),
(1300, '2015', 'British Columbia', 'Services-producing sector ', '1827.30'),
(1301, '2015', 'British Columbia', 'Trade ', '354.50'),
(1302, '2015', 'British Columbia', 'Transportation and warehousing ', '138.10'),
(1303, '2015', 'British Columbia', 'Finance, insurance, real estate and leasing ', '134.50'),
(1304, '2015', 'British Columbia', 'Professional, scientific and technical services ', '185.90'),
(1305, '2015', 'British Columbia', 'Business, building and other support services ', '80.90'),
(1306, '2015', 'British Columbia', 'Educational services ', '169.10'),
(1307, '2015', 'British Columbia', 'Health care and social assistance ', '273.50'),
(1308, '2015', 'British Columbia', 'Information, culture and recreation ', '110.70'),
(1309, '2015', 'British Columbia', 'Accommodation and food services ', '177.20'),
(1310, '2015', 'British Columbia', 'Other services ', '107.60'),
(1311, '2015', 'British Columbia', 'Public administration ', '95.30'),
(1312, '2015', 'Vancouver Island and Coast, British Columbia', 'Total employed, all industries ', '352.60'),
(1313, '2015', 'Vancouver Island and Coast, British Columbia', 'Goods-producing sector ', '59.70'),
(1314, '2015', 'Vancouver Island and Coast, British Columbia', 'Agriculture ', '3.00'),
(1315, '2015', 'Vancouver Island and Coast, British Columbia', 'Forestry, fishing, mining, quarrying, oil and gas ', '7.10'),
(1316, '2015', 'Vancouver Island and Coast, British Columbia', 'Utilities ', '1.50'),
(1317, '2015', 'Vancouver Island and Coast, British Columbia', 'Construction ', '30.80'),
(1318, '2015', 'Vancouver Island and Coast, British Columbia', 'Manufacturing ', '17.30'),
(1319, '2015', 'Vancouver Island and Coast, British Columbia', 'Services-producing sector ', '292.90'),
(1320, '2015', 'Vancouver Island and Coast, British Columbia', 'Trade ', '53.20'),
(1321, '2015', 'Vancouver Island and Coast, British Columbia', 'Transportation and warehousing ', '14.80'),
(1322, '2015', 'Vancouver Island and Coast, British Columbia', 'Finance, insurance, real estate and leasing ', '15.60'),
(1323, '2015', 'Vancouver Island and Coast, British Columbia', 'Professional, scientific and technical services ', '30.30'),
(1324, '2015', 'Vancouver Island and Coast, British Columbia', 'Business, building and other support services ', '12.10'),
(1325, '2015', 'Vancouver Island and Coast, British Columbia', 'Educational services ', '26.50'),
(1326, '2015', 'Vancouver Island and Coast, British Columbia', 'Health care and social assistance ', '50.50'),
(1327, '2015', 'Vancouver Island and Coast, British Columbia', 'Information, culture and recreation ', '18.30'),
(1328, '2015', 'Vancouver Island and Coast, British Columbia', 'Accommodation and food services ', '29.20'),
(1329, '2015', 'Vancouver Island and Coast, British Columbia', 'Other services ', '19.10'),
(1330, '2015', 'Vancouver Island and Coast, British Columbia', 'Public administration ', '23.20'),
(1331, '2015', 'Lower Mainland-Southwest, British Columbia', 'Total employed, all industries ', '1437.30'),
(1332, '2015', 'Lower Mainland-Southwest, British Columbia', 'Goods-producing sector ', '255.10'),
(1333, '2015', 'Lower Mainland-Southwest, British Columbia', 'Agriculture ', '8.80'),
(1334, '2015', 'Lower Mainland-Southwest, British Columbia', 'Forestry, fishing, mining, quarrying, oil and gas ', '14.50'),
(1335, '2015', 'Lower Mainland-Southwest, British Columbia', 'Utilities ', '10.10'),
(1336, '2015', 'Lower Mainland-Southwest, British Columbia', 'Construction ', '116.30'),
(1337, '2015', 'Lower Mainland-Southwest, British Columbia', 'Manufacturing ', '105.30'),
(1338, '2015', 'Lower Mainland-Southwest, British Columbia', 'Services-producing sector ', '1182.20'),
(1339, '2015', 'Lower Mainland-Southwest, British Columbia', 'Trade ', '225.10'),
(1340, '2015', 'Lower Mainland-Southwest, British Columbia', 'Transportation and warehousing ', '96.50'),
(1341, '2015', 'Lower Mainland-Southwest, British Columbia', 'Finance, insurance, real estate and leasing ', '96.20'),
(1342, '2015', 'Lower Mainland-Southwest, British Columbia', 'Professional, scientific and technical services ', '134.90'),
(1343, '2015', 'Lower Mainland-Southwest, British Columbia', 'Business, building and other support services ', '54.30'),
(1344, '2015', 'Lower Mainland-Southwest, British Columbia', 'Educational services ', '114.00'),
(1345, '2015', 'Lower Mainland-Southwest, British Columbia', 'Health care and social assistance ', '159.80'),
(1346, '2015', 'Lower Mainland-Southwest, British Columbia', 'Information, culture and recreation ', '73.60'),
(1347, '2015', 'Lower Mainland-Southwest, British Columbia', 'Accommodation and food services ', '105.60'),
(1348, '2015', 'Lower Mainland-Southwest, British Columbia', 'Other services ', '64.70'),
(1349, '2015', 'Lower Mainland-Southwest, British Columbia', 'Public administration ', '57.50'),
(1350, '2015', 'Thompson-Okanagan, British Columbia', 'Total employed, all industries ', '245.50'),
(1351, '2015', 'Thompson-Okanagan, British Columbia', 'Goods-producing sector ', '61.00'),
(1352, '2015', 'Thompson-Okanagan, British Columbia', 'Agriculture ', '5.00'),
(1353, '2015', 'Thompson-Okanagan, British Columbia', 'Forestry, fishing, mining, quarrying, oil and gas ', '6.60'),
(1354, '2015', 'Thompson-Okanagan, British Columbia', 'Utilities ', '1.60'),
(1355, '2015', 'Thompson-Okanagan, British Columbia', 'Construction ', '23.60'),
(1356, '2015', 'Thompson-Okanagan, British Columbia', 'Manufacturing ', '24.30'),
(1357, '2015', 'Thompson-Okanagan, British Columbia', 'Services-producing sector ', '184.40'),
(1358, '2015', 'Thompson-Okanagan, British Columbia', 'Trade ', '40.80'),
(1359, '2015', 'Thompson-Okanagan, British Columbia', 'Transportation and warehousing ', '12.40'),
(1360, '2015', 'Thompson-Okanagan, British Columbia', 'Finance, insurance, real estate and leasing ', '11.90'),
(1361, '2015', 'Thompson-Okanagan, British Columbia', 'Professional, scientific and technical services ', '12.60'),
(1362, '2015', 'Thompson-Okanagan, British Columbia', 'Business, building and other support services ', '8.20'),
(1363, '2015', 'Thompson-Okanagan, British Columbia', 'Educational services ', '11.90'),
(1364, '2015', 'Thompson-Okanagan, British Columbia', 'Health care and social assistance ', '36.60'),
(1365, '2015', 'Thompson-Okanagan, British Columbia', 'Information, culture and recreation ', '11.40'),
(1366, '2015', 'Thompson-Okanagan, British Columbia', 'Accommodation and food services ', '22.50'),
(1367, '2015', 'Thompson-Okanagan, British Columbia', 'Other services ', '8.90'),
(1368, '2015', 'Thompson-Okanagan, British Columbia', 'Public administration ', '7.20'),
(1369, '2015', 'Kootenay, British Columbia', 'Total employed, all industries ', '69.60'),
(1370, '2015', 'Kootenay, British Columbia', 'Goods-producing sector ', '18.90'),
(1371, '2015', 'Kootenay, British Columbia', 'Agriculture ', '0.00'),
(1372, '2015', 'Kootenay, British Columbia', 'Forestry, fishing, mining, quarrying, oil and gas ', '7.30'),
(1373, '2015', 'Kootenay, British Columbia', 'Utilities ', '0.00'),
(1374, '2015', 'Kootenay, British Columbia', 'Construction ', '5.80'),
(1375, '2015', 'Kootenay, British Columbia', 'Manufacturing ', '3.30'),
(1376, '2015', 'Kootenay, British Columbia', 'Services-producing sector ', '50.70'),
(1377, '2015', 'Kootenay, British Columbia', 'Trade ', '13.30'),
(1378, '2015', 'Kootenay, British Columbia', 'Transportation and warehousing ', '2.60'),
(1379, '2015', 'Kootenay, British Columbia', 'Finance, insurance, real estate and leasing ', '4.20'),
(1380, '2015', 'Kootenay, British Columbia', 'Professional, scientific and technical services ', '1.50'),
(1381, '2015', 'Kootenay, British Columbia', 'Business, building and other support services ', '0.00'),
(1382, '2015', 'Kootenay, British Columbia', 'Educational services ', '4.90'),
(1383, '2015', 'Kootenay, British Columbia', 'Health care and social assistance ', '10.10'),
(1384, '2015', 'Kootenay, British Columbia', 'Information, culture and recreation ', '1.50'),
(1385, '2015', 'Kootenay, British Columbia', 'Accommodation and food services ', '7.00'),
(1386, '2015', 'Kootenay, British Columbia', 'Other services ', '3.70'),
(1387, '2015', 'Kootenay, British Columbia', 'Public administration ', '0.00'),
(1388, '2015', 'Cariboo, British Columbia', 'Total employed, all industries ', '83.90'),
(1389, '2015', 'Cariboo, British Columbia', 'Goods-producing sector ', '24.10'),
(1390, '2015', 'Cariboo, British Columbia', 'Agriculture ', '0.00'),
(1391, '2015', 'Cariboo, British Columbia', 'Forestry, fishing, mining, quarrying, oil and gas ', '8.10'),
(1392, '2015', 'Cariboo, British Columbia', 'Utilities ', '0.00'),
(1393, '2015', 'Cariboo, British Columbia', 'Construction ', '6.40'),
(1394, '2015', 'Cariboo, British Columbia', 'Manufacturing ', '9.00'),
(1395, '2015', 'Cariboo, British Columbia', 'Services-producing sector ', '59.80'),
(1396, '2015', 'Cariboo, British Columbia', 'Trade ', '11.30'),
(1397, '2015', 'Cariboo, British Columbia', 'Transportation and warehousing ', '5.00'),
(1398, '2015', 'Cariboo, British Columbia', 'Finance, insurance, real estate and leasing ', '4.10'),
(1399, '2015', 'Cariboo, British Columbia', 'Professional, scientific and technical services ', '2.70'),
(1400, '2015', 'Cariboo, British Columbia', 'Business, building and other support services ', '2.90'),
(1401, '2015', 'Cariboo, British Columbia', 'Educational services ', '6.40'),
(1402, '2015', 'Cariboo, British Columbia', 'Health care and social assistance ', '9.30'),
(1403, '2015', 'Cariboo, British Columbia', 'Information, culture and recreation ', '3.70'),
(1404, '2015', 'Cariboo, British Columbia', 'Accommodation and food services ', '5.50'),
(1405, '2015', 'Cariboo, British Columbia', 'Other services ', '5.60'),
(1406, '2015', 'Cariboo, British Columbia', 'Public administration ', '3.30'),
(1407, '2015', 'North Coast and Nechako, British Columbia', 'Total employed, all industries ', '42.30'),
(1408, '2015', 'North Coast and Nechako, British Columbia', 'Goods-producing sector ', '13.30'),
(1409, '2015', 'North Coast and Nechako, British Columbia', 'Agriculture ', '0.00'),
(1410, '2015', 'North Coast and Nechako, British Columbia', 'Forestry, fishing, mining, quarrying, oil and gas ', '3.10'),
(1411, '2015', 'North Coast and Nechako, British Columbia', 'Utilities ', '0.00'),
(1412, '2015', 'North Coast and Nechako, British Columbia', 'Construction ', '6.00'),
(1413, '2015', 'North Coast and Nechako, British Columbia', 'Manufacturing ', '3.70'),
(1414, '2015', 'North Coast and Nechako, British Columbia', 'Services-producing sector ', '29.10'),
(1415, '2015', 'North Coast and Nechako, British Columbia', 'Trade ', '5.50'),
(1416, '2015', 'North Coast and Nechako, British Columbia', 'Transportation and warehousing ', '3.50'),
(1417, '2015', 'North Coast and Nechako, British Columbia', 'Finance, insurance, real estate and leasing ', '0.00'),
(1418, '2015', 'North Coast and Nechako, British Columbia', 'Professional, scientific and technical services ', '0.00'),
(1419, '2015', 'North Coast and Nechako, British Columbia', 'Business, building and other support services ', '0.00'),
(1420, '2015', 'North Coast and Nechako, British Columbia', 'Educational services ', '4.10'),
(1421, '2015', 'North Coast and Nechako, British Columbia', 'Health care and social assistance ', '4.10'),
(1422, '2015', 'North Coast and Nechako, British Columbia', 'Information, culture and recreation ', '0.00'),
(1423, '2015', 'North Coast and Nechako, British Columbia', 'Accommodation and food services ', '3.50'),
(1424, '2015', 'North Coast and Nechako, British Columbia', 'Other services ', '2.00'),
(1425, '2015', 'North Coast and Nechako, British Columbia', 'Public administration ', '1.50'),
(1426, '2015', 'Northeast, British Columbia', 'Total employed, all industries ', '40.50'),
(1427, '2015', 'Northeast, British Columbia', 'Goods-producing sector ', '12.20'),
(1428, '2015', 'Northeast, British Columbia', 'Agriculture ', '1.50'),
(1429, '2015', 'Northeast, British Columbia', 'Forestry, fishing, mining, quarrying, oil and gas ', '4.10'),
(1430, '2015', 'Northeast, British Columbia', 'Utilities ', '0.00'),
(1431, '2015', 'Northeast, British Columbia', 'Construction ', '5.60'),
(1432, '2015', 'Northeast, British Columbia', 'Manufacturing ', '0.00'),
(1433, '2015', 'Northeast, British Columbia', 'Services-producing sector ', '28.30'),
(1434, '2015', 'Northeast, British Columbia', 'Trade ', '5.30'),
(1435, '2015', 'Northeast, British Columbia', 'Transportation and warehousing ', '3.20'),
(1436, '2015', 'Northeast, British Columbia', 'Finance, insurance, real estate and leasing ', '0.00'),
(1437, '2015', 'Northeast, British Columbia', 'Professional, scientific and technical services ', '2.60'),
(1438, '2015', 'Northeast, British Columbia', 'Business, building and other support services ', '0.00'),
(1439, '2015', 'Northeast, British Columbia', 'Educational services ', '0.00'),
(1440, '2015', 'Northeast, British Columbia', 'Health care and social assistance ', '3.20'),
(1441, '2015', 'Northeast, British Columbia', 'Information, culture and recreation ', '0.00'),
(1442, '2015', 'Northeast, British Columbia', 'Accommodation and food services ', '4.00'),
(1443, '2015', 'Northeast, British Columbia', 'Other services ', '3.50'),
(1444, '2015', 'Northeast, British Columbia', 'Public administration ', '1.70');

-- --------------------------------------------------------

--
-- Table structure for table `weeklywages`
--

CREATE TABLE IF NOT EXISTS `weeklywages` (
  `sector_id` int(3) NOT NULL,
  `wages` text NOT NULL,
  KEY `sector_id` (`sector_id`)
) ENGINE=InnoDB DEFAULT CHARSET=latin1;

--
-- RELATIONS FOR TABLE `weeklywages`:
--   `sector_id`
--       `sector` -> `sector_id`
--

--
-- Dumping data for table `weeklywages`
--

INSERT INTO `weeklywages` (`sector_id`, `wages`) VALUES
(1, '1,047.07'),
(2, '1,879.33'),
(3, '1,652.08'),
(4, '1,187.73'),
(5, '1,019.80'),
(7, '1,077.84'),
(7, '527.72'),
(8, '970.46'),
(14, '1,136.44'),
(9, '1,112.93'),
(9, '868.32'),
(10, '1,274.06'),
(12, '988.14'),
(13, '833.51'),
(14, '562.7'),
(15, '362.38'),
(17, '1,173.09'),
(16, '751.61');

--
-- Constraints for dumped tables
--

--
-- Constraints for table `city`
--
ALTER TABLE `city`
  ADD CONSTRAINT `city_ibfk_1` FOREIGN KEY (`p_id`) REFERENCES `province` (`p_id`) ON DELETE CASCADE ON UPDATE CASCADE;

--
-- Constraints for table `population`
--
ALTER TABLE `population`
  ADD CONSTRAINT `population_ibfk_1` FOREIGN KEY (`p_id`) REFERENCES `province` (`p_id`) ON DELETE CASCADE ON UPDATE CASCADE;

--
-- Constraints for table `totalemployed`
--
ALTER TABLE `totalemployed`
  ADD CONSTRAINT `totalemployed_ibfk_2` FOREIGN KEY (`p_id`) REFERENCES `province` (`p_id`) ON DELETE CASCADE ON UPDATE CASCADE,
  ADD CONSTRAINT `totalemployed_ibfk_1` FOREIGN KEY (`sector_id`) REFERENCES `sector` (`sector_id`) ON DELETE CASCADE ON UPDATE CASCADE;

--
-- Constraints for table `weeklywages`
--
ALTER TABLE `weeklywages`
  ADD CONSTRAINT `weeklywages_ibfk_1` FOREIGN KEY (`sector_id`) REFERENCES `sector` (`sector_id`) ON DELETE CASCADE ON UPDATE CASCADE;

/*!40101 SET CHARACTER_SET_CLIENT=@OLD_CHARACTER_SET_CLIENT */;
/*!40101 SET CHARACTER_SET_RESULTS=@OLD_CHARACTER_SET_RESULTS */;
/*!40101 SET COLLATION_CONNECTION=@OLD_COLLATION_CONNECTION */;
